geoid,month,year,longitude,awnd,latitude,prcp,avg_temp,fire_size
01001,1,2015,-86.6160284,7.514259876439053,32.547684200000006,0.0,12.67867683109715,2.06
01003,1,2015,-87.65428657142857,7.538254056218535,30.647762285714286,0.0022691761847744287,13.771411890601756,8.510714285714286
01005,1,2015,-85.443991,7.504805906397267,31.830619,0.0,12.0,15.0
01007,1,2015,-87.168938,7.518871177417077,33.181848,0.0,13.483340338970812,8.0
01009,1,2015,-86.57760900000001,7.5049005376798705,33.996948,0.0033333333333333335,13.632580199603524,17.366666666666667
01011,1,2015,-85.782592,7.509987727973389,32.062699,0.0,18.5,20.2
01013,1,2015,-86.68459771428572,5.492416036652288,31.74451057142857,0.0,16.927753195064103,2.95
01015,1,2015,-85.80708725,7.499525357591144,33.82750925,0.0025,14.818307184669953,8.775
01017,1,2015,-85.49239066666667,7.502230738191158,33.00383633333333,0.0,13.28766170618934,1.0333333333333334
01019,1,2015,-85.59324425,7.493781714277783,34.21793625,0.007837495340438224,13.350757770087162,12.575000000000001
01021,1,2015,-86.73278845875001,7.515151861650056,32.78625179125,0.0,14.733106402919226,1.91375
01023,1,2015,-88.29869209090909,7.538134380379037,32.03275072727273,0.0,13.544133190436742,35.11818181818182
01025,1,2015,-87.83392133333332,7.534921056915452,31.653458999999998,0.0,13.535715181463578,0.39999999999999997
01027,1,2015,-85.845511375,7.123508098145172,33.283960125,0.0,14.904288516305348,12.1125
01029,1,2015,-85.509905,7.500024847810701,33.545432,0.0314691224183726,17.0,7.5
01031,1,2015,-86.11009000000001,6.327221266579569,31.4202065,0.0,15.25,17.25
01033,1,2015,-87.84680900000001,7.515362683949083,34.71188933333334,0.0,13.47476549462449,0.3333333333333333
01035,1,2015,-86.990992,5.1200427147820875,31.385308428571427,0.0045278361014887995,20.360543584862842,16.585714285714285
01037,1,2015,-86.17727175,7.507557456098418,33.002435,0.0,14.0,2.5
01039,1,2015,-86.437925,5.8857573319409315,31.186797,0.007932663406997125,16.5,13.775
01041,1,2015,-86.32314977777779,6.51727676370442,31.730867111111113,0.0,15.664219003426119,15.27222222222222
01043,1,2015,-86.9359245,7.505866742079347,34.1428765,0.0,11.5,3.5
01045,1,2015,-85.559784,7.506794888149755,31.596224,0.0,13.457889996121311,11.0
01047,1,2015,-87.08995266666666,7.523506152863457,32.285369333333335,0.0,14.501091118677328,15.533333333333333
01049,1,2015,-85.80284190909092,7.493616686365711,34.46707609090909,0.0,12.225203252805843,1.775
01051,1,2015,-86.08952266666667,7.507892674022368,32.61050633333334,0.0,14.802513154320271,10.533333333333333
01053,1,2015,-87.19347580928572,7.5304343569504555,31.08260227,0.0,14.940585545214935,13.87142857142857
01055,1,2015,-86.041886,7.496211590788141,34.119513,0.0,13.423745219184076,5.0
01057,1,2015,-87.6591495,7.519622503811668,33.7110805,0.0,13.488443328577441,29.5
01059,1,2015,-87.697607,7.000681066629301,34.5634675,0.0,15.235962926571272,0.1
01061,1,2015,-85.8479692,7.513567777362009,31.1403568,0.0,15.18263877614361,21.82
01065,1,2015,-87.598036,7.523464552885376,32.73780371428571,0.0,14.573124831987467,0.5
01067,1,2015,-85.221838,7.513655494092898,31.374352,0.0,13.5,0.25
01069,1,2015,-85.256815,7.506715995055902,31.099334,0.0,13.457680168467988,1.0
01071,1,2015,-85.96163250000001,7.494312294103214,34.90193,0.01560522964557565,14.95816085566224,4.05
01073,1,2015,-86.74384375,7.510398317965016,33.628944000000004,0.0,13.459429985091813,9.5
01075,1,2015,-88.09728,7.525368385651522,33.726825,0.0312751242870105,15.0,1.2
01077,1,2015,-87.7002,7.5136227667738895,34.894964,0.0,13.466836006684789,7.5
01081,1,2015,-85.1813465,7.500454083625486,32.601104500000005,0.0,13.840098395868495,15.75
01085,1,2015,-86.63440966666667,9.192166481334803,32.082708,0.0,15.666666666666666,2.6666666666666665
01087,1,2015,-85.6449435,7.505712022303187,32.3813375,0.021666666666666667,13.44699440045875,40.36666666666667
01091,1,2015,-87.73064385714285,7.530071073752793,32.08865742857143,0.16142857142857142,14.934753920244683,9.4
01093,1,2015,-87.90638600000001,7.5179170717361155,34.14064618181818,0.0,14.306616231396855,1.7045454545454546
01095,1,2015,-86.37630633333333,7.499847859031445,34.290623333333336,0.0,13.432283492404968,1.8666666666666665
01099,1,2015,-87.37531466666667,7.531996986859288,31.418399333333337,0.0,13.525364003190264,4.0
01101,1,2015,-86.2481155,7.008881211012084,32.14243116666666,0.0,14.061115043955,4.083333333333333
01103,1,2015,-87.012201,7.5088287576004955,34.428686,0.0,13.452841641829945,6.25
01105,1,2015,-87.37021949999999,7.522822122092398,32.548156500000005,0.0,16.50301529820462,0.3
01109,1,2015,-85.98659119999999,6.119150442274938,31.823292200000004,0.0,15.687867191250302,7.672
01111,1,2015,-85.52870566666667,7.499517235166439,33.37073433333333,0.0314848599167738,13.475312414471047,1.7
01115,1,2015,-86.22204475,7.5046119387361445,33.77437425,0.0,14.329232000014239,0.825
01117,1,2015,-86.490754,7.506673003874478,33.495182,0.0,13.452398087500207,0.10000000000000002
01121,1,2015,-86.19677866666666,7.506207254149306,33.369336833333335,0.0,13.44629208191345,16.5
01123,1,2015,-85.80265966666667,7.506827516098674,32.72817466666667,0.0,13.446410001994751,12.666666666666666
01125,1,2015,-87.451035378,7.51782603811702,33.216550134,0.0,12.29238209077072,1.7060000000000002
01127,1,2015,-87.249131,7.5165883320817715,33.791572200000004,0.066,13.295584728925869,16.65
01129,1,2015,-88.13855258333332,7.539855024987634,31.330401166666665,0.0,15.538008019816822,5.154166666666667
01131,1,2015,-87.51186725,7.526324705194829,32.04681225,0.01576329512424165,13.507421668860458,24.7
01133,1,2015,-87.312186,7.513854526289721,34.147492,0.0312637114185392,13.5,15.0
02170,1,2015,-149.145033,8.5,61.637,0.0,11.0,2.0
04001,1,2015,-109.6925,7.751602909075246,34.255,0.0298300973614637,15.5,0.1
04003,1,2015,-109.86115,6.948267172808734,31.7455,0.030190810690955826,19.44406722282026,10.345
04009,1,2015,-110.44975,7.770696263605801,33.31219,0.0299358805532217,12.0,0.1
04011,1,2015,-109.2713,7.761202555295457,32.9924,0.0300598783790467,6.5,0.1
04012,1,2015,-114.3347,7.8103520215018065,33.6447,0.0296444750926262,9.0,0.3
04013,1,2015,-112.13587268269231,7.554770527824695,33.494006826923076,0.029798774311598927,14.124426537143215,0.1
04015,1,2015,-114.5831,7.801886448858934,34.8533,0.0294443064498234,14.36923160562516,0.1
04017,1,2015,-110.4978,7.754226913413729,35.7894,0.0295791884625752,13.0,0.5
04019,1,2015,-110.8736075,7.7808083011207785,32.167989999999996,0.03006291509446636,14.324944508386926,0.12867647058823528
04021,1,2015,-111.790058,7.784430768607031,33.078788,0.02987523448891445,15.735586823643606,0.325
04023,1,2015,-110.4611,7.784323819155692,31.5562,0.0301920236363634,23.5,0.25
04025,1,2015,-112.31346361,7.786620555391993,34.281115665,0.029690829306099502,10.40388861321449,0.1
04027,1,2015,-114.6139,7.818956911771668,32.7397,0.0297535663806109,14.414733837589825,2.55
05003,1,2015,-91.910945,7.572882559990608,33.036474999999996,0.0,14.823500448232735,3.5
05005,1,2015,-92.36157926,7.554077974815325,36.19085370333334,0.0,13.596409857801719,41.766666666666666
05007,1,2015,-94.4732025,7.5752721714929745,36.3638675,0.0,15.6672771526565,46.75
05009,1,2015,-93.05719500000001,7.561827987984053,36.336025,0.0,13.617632560079088,4.0
05013,1,2015,-92.45563,7.569679121299274,33.477515,0.0,13.652132807163877,4.0
05015,1,2015,-93.80831,7.56789537360804,36.38437,0.0,13.6407593054248,2.0
05019,1,2015,-93.1358725,7.574632225457203,34.083177500000005,0.0,14.042706917090221,3.5
05023,1,2015,-91.87240333333334,7.55360376526466,35.462469999999996,0.0,13.728436275391287,7.666666666666667
05025,1,2015,-92.21151,7.568390729483849,33.91859,0.0,17.0,5.0
05027,1,2015,-93.14135333333333,6.6952847947837775,33.20735333333334,0.0,17.0,5.0
05029,1,2015,-92.59700285714287,7.562762085306978,35.31105,0.0,14.390224632018555,17.0
05031,1,2015,-90.62247,10.07,35.94637,0.0,17.0,2.0
05033,1,2015,-94.29834249999999,7.5791868466131485,35.5616225,0.0,13.507743727279571,4.0
05035,1,2015,-90.25529,11.63,35.09246,0.0,11.5,38.0
05039,1,2015,-92.76171,7.569740983036452,34.04139,0.0,17.25,2.0
05045,1,2015,-92.31042000000001,7.558556943353455,35.20793833333333,0.0,13.61356732883255,22.833333333333332
05047,1,2015,-93.95638889,7.575830899474838,35.68861111,0.0,10.0,1.2
05049,1,2015,-91.93517,7.5487546313715965,36.369096,0.0,12.962473391716411,5.6
05051,1,2015,-93.15366809888889,6.068025712381457,34.49114653111111,0.0,13.497154279105555,1.7911111111111113
05053,1,2015,-92.45737071428572,7.566893104488477,34.29993785714286,0.0,14.321923588918464,3.5
05055,1,2015,-90.47758999999999,7.5352179779229775,36.12923,0.0,13.53507099596937,9.5
05057,1,2015,-93.63717,7.583104291870924,33.764285,0.0,13.593591554060328,11.5
05059,1,2015,-92.88448666666666,7.571463127585551,34.33318933333333,0.0,14.39447468347021,3.2666666666666666
05061,1,2015,-93.983995,7.583816070970988,34.10302,0.0,16.844202258301088,6.5
05063,1,2015,-91.72461666666668,7.549100105210137,35.73074833333333,0.0,12.80485389449314,12.5
05065,1,2015,-91.86101333333333,7.548162599183999,36.10650666666667,0.0,13.580597343829671,39.5
05069,1,2015,-92.13017333333333,7.56414686447036,34.248106666666665,0.0,14.084241202131643,1.3333333333333333
05071,1,2015,-93.52467,7.57020279726904,35.48795333333334,0.0,13.648958144073665,14.0
05075,1,2015,-91.29100333333334,7.54251509300543,36.040863333333334,0.010243171726940834,13.562822369637155,5.333333333333333
05079,1,2015,-91.83318750000001,7.564793632150382,33.9039475,0.0,10.75,13.25
05083,1,2015,-93.715421665,7.576000415247299,35.212790555,0.0,15.333146828766152,4.05
05085,1,2015,-92.05364,7.560269666150365,34.92236,0.0,13.612406765555995,16.0
05089,1,2015,-92.569485,7.557703084484423,36.116595000000004,0.0,14.40122967964616,422.0
05091,1,2015,-93.892753,7.588782162642817,33.285872,0.0,13.70579540799668,4.7
05097,1,2015,-93.6118791675,7.580710925217231,34.539007777500004,0.0,13.67319652204899,0.725
05099,1,2015,-93.325935,7.5817678218924165,33.597765,0.0,14.511477230284836,2.0
05101,1,2015,-93.258755,7.567323345395733,35.9785275,0.0,13.632244349905442,12.0
05103,1,2015,-92.78057,7.572293537831541,33.62987,0.0,13.660047476307023,2.25
05109,1,2015,-93.58509857142857,7.578797021343429,34.09450714285714,0.0,13.678277945606514,5.428571428571429
05113,1,2015,-94.28902500000001,7.587288769054867,34.457125000000005,0.0,15.100626581031012,5.0
05115,1,2015,-92.9764,7.568160221957599,35.3584,0.0,13.635134508604352,1.0
05119,1,2015,-92.20327499999999,6.23146620873269,34.782235,0.0,14.310342470940498,24.5
05121,1,2015,-91.15209,7.540224675569939,36.303203333333336,0.0,14.203105959482548,4.333333333333333
05123,1,2015,-90.77353,7.544338556100641,35.14223,0.0,10.5,5.0
05125,1,2015,-92.4644,7.566046435320652,34.595741,0.0,13.83815355031046,8.533333333333333
05129,1,2015,-92.708178,7.5595445595966675,35.931240153846154,0.0,15.196949406858863,121.85384615384615
05135,1,2015,-91.58535,7.545924028537787,36.02256,0.0,13.785753885533573,20.0
05137,1,2015,-92.1871275,7.552424231150697,35.9000025,0.005,13.595310420593295,1.0
05139,1,2015,-92.556865,8.252012999094097,33.184255,0.0,15.162932320997824,14.25
05141,1,2015,-92.46925,7.561611126221688,35.58855,0.0,13.613747298558657,11.5
05143,1,2015,-94.24910249999999,7.575703090750248,35.860772499999996,0.007644542590023175,9.918706960250926,19.5
05145,1,2015,-91.73111,7.551536447828825,35.260464,0.0,14.034995458319122,6.4
05149,1,2015,-93.33407,7.571027867003188,35.08298389,0.0,17.5,5.65
06007,1,2015,-121.540148,5.26074199071006,39.654466,0.0141514080446946,10.25,0.55
06009,1,2015,-120.32908,7.838453948896388,38.264523,0.0,9.5,1.0
06017,1,2015,-120.551222244,6.499230864875353,38.831456888000005,0.00570518156281012,13.400160349425965,0.094
06023,1,2015,-123.64451111,7.859347642008182,41.103683332500005,0.027993529867889576,7.0,0.1
06025,1,2015,-114.8478,7.818683669485666,32.9687,0.0297010241572481,11.5,0.1
06027,1,2015,-118.22113350000001,7.827865646604581,37.026283500000005,0.0,14.448282105317995,0.055
06029,1,2015,-118.883333,7.845355388412907,34.933333,0.5,7.5,0.11
06033,1,2015,-122.6769445,7.863449150518752,38.836473999999995,0.0141787739150649,11.530988053519746,0.25
06039,1,2015,-119.50486111000001,7.842770996619262,37.32736111,0.01439872141607425,15.245190905637475,0.1
06043,1,2015,-119.572308,7.835925241500456,37.742308,0.0,14.5,0.1
06045,1,2015,-123.2658,7.861480046670318,39.8089,0.0281909888330565,10.5,0.25
06051,1,2015,-118.92944444,7.831995089466899,37.63055556,0.0,12.0,0.1
06053,1,2015,-121.57606849999999,7.866384560238515,36.497887,0.0,13.0,0.055
06055,1,2015,-122.208966,7.8608953325104265,38.508103500000004,0.0,8.75,0.01
06057,1,2015,-121.0342715,7.844014653128481,39.2012815,0.01420382405114095,12.876812876087323,0.10750000000000001
06059,1,2015,-117.963427,6.8911700919414365,33.7233835,0.025,9.625,0.0925
06061,1,2015,-120.87968427,7.841076173920999,39.016550491428575,0.008136442486335186,12.499391344766986,12.955714285714285
06063,1,2015,-120.60166666500001,7.832643429357988,39.985277780000004,0.0141581847282416,9.0,0.055
06065,1,2015,-116.56225088900001,7.831670566042435,33.690760989,0.00883292203225498,14.042877497327874,0.271
06067,1,2015,-121.462804,1.34,38.714543,0.0,16.0,0.01
06071,1,2015,-117.032682268,7.8310420069423445,34.177828754000004,0.02350747763076368,8.99439733917448,0.28
06073,1,2015,-116.98131040000001,6.805748515614302,33.0093584,0.00592502157257662,13.992119626338507,0.18
06075,1,2015,-122.443074,7.869672741428625,37.76628,0.0,6.0,1.0
06077,1,2015,-121.178385,7.854777004237135,38.14574,0.0,14.526589371670193,0.01
06079,1,2015,-120.75487666666668,6.214162149530068,35.428717666666664,0.0096371666995395,16.166666666666668,0.7066666666666667
06085,1,2015,-121.81093200000001,7.866495262632071,37.141262499999996,0.01435137497531035,14.534021355405532,0.01
06087,1,2015,-122.0666495,7.865460815181116,37.0531325,0.0143249651282426,11.03536114521596,0.1
06089,1,2015,-122.155635778,7.8461261316791,40.726511846,0.01125371949714028,13.005164589479772,0.28
06093,1,2015,-122.74277778,7.847670547087185,41.29472222,0.0280202116886135,11.5,0.1
06095,1,2015,-121.981479,1.57,38.356505,0.0,13.5,0.01
06097,1,2015,-122.963682,7.865752416731798,38.781187,0.0,14.57105005927388,0.01
06105,1,2015,-123.36111111,7.856403962911278,40.644166665,0.028064167553481748,13.75,0.1
06109,1,2015,-120.31404411,7.847239035089781,38.08765781333333,0.0095555224474649,10.0,0.4000000000000001
08007,1,2015,-106.90166667,7.710190508498586,37.27694444,0.0,14.067045239562812,0.1
08013,1,2015,-105.525,7.672985181347455,39.95,0.0,13.96379431778708,0.01
08043,1,2015,-105.2935,7.676624028354917,38.4013,0.0,13.984587057708708,0.1
08077,1,2015,-107.9697,7.700628366734333,39.1481,0.0,9.0,5.0
09001,1,2015,-73.258051,7.322498962410317,41.375263,0.0,12.855929008151245,0.25
09005,1,2015,-73.37810513333334,7.316339040826361,41.830546733333335,0.010348659820942066,12.847860339542232,1.2833333333333334
09007,1,2015,-72.5403834,7.312366484807363,41.4865525,0.0,12.828495612065028,0.55
09013,1,2015,-72.3421262,7.83,41.6261592,0.0,5.0,0.1
12001,1,2015,-82.31819999999999,7.488115109872909,29.68755,0.0,13.389945385115468,4.5
12003,1,2015,-82.23455,7.480472969480653,30.44575,0.0,13.3707024932936,1.5
12005,1,2015,-85.8646,7.517576247041353,30.4237,0.0,13.491621635362062,1.0
12007,1,2015,-82.157,7.482916476295322,29.93355,0.0,13.378365536428426,5.5
12009,1,2015,-80.6891,7.481636754759058,28.16865,0.01,12.933592857944987,2.0
12011,1,2015,-80.67276666666667,7.4896152069480735,26.224633333333333,0.0,12.129726759211868,166.73333333333332
12013,1,2015,-85.26065,7.514227708856261,30.40465,0.01595340611047305,16.75,1.5
12017,1,2015,-82.5273,7.499308236980518,28.8512,0.0,13.416080136347937,8.0
12019,1,2015,-81.99046000000001,7.482657643868191,29.853640000000002,0.40800000000000003,13.375046301083339,1.2
12021,1,2015,-81.382309875,7.5012204325938985,26.16993375,0.008189171950809412,13.285500972920861,81.9625
12023,1,2015,-82.67916666666666,7.4880085530260585,30.143466666666665,0.0,13.262441409194855,1.3333333333333333
12029,1,2015,-83.20616666666666,7.494419687327465,29.672766666666664,0.0,16.13787771841206,1.0
12033,1,2015,-87.3548,7.543985813530933,30.3377,0.0,13.549804251110553,1.0
12035,1,2015,-81.2616,7.475467727227331,29.504,0.0,10.0,1.0
12039,1,2015,-84.7327,7.506255262881254,30.5268,0.0,13.45255487031725,1.0
12041,1,2015,-82.7799,7.491771643780826,29.7444,0.0,13.403683176319037,14.0
12043,1,2015,-81.2106,7.491635351108801,26.8917,0.0,12.5,1.5
12047,1,2015,-83.0354,7.4897588036036025,30.557333333333332,0.0,12.133459427425231,2.5
12049,1,2015,-81.7039,7.4965089762370845,27.49105,0.075,10.954384333993978,6.0
12051,1,2015,-81.18725,7.501342523085423,26.69465,0.0,11.707335365997684,2.5
12053,1,2015,-82.2666,7.49495034261661,28.5622,0.0,13.410892570282282,1.0
12055,1,2015,-81.41635555555555,7.495054443488158,27.425477777777775,0.09555555555555556,13.249842375523194,4.444444444444445
12057,1,2015,-82.3698,7.499303404755958,27.8781,0.0,13.427324461908816,5.0
12059,1,2015,-85.8029,6.639600603920423,30.895519999999998,0.0,13.0,5.4
12061,1,2015,-80.3853,7.485079366089197,27.5928,0.0,13.369902986795324,1.0
12063,1,2015,-85.359075,5.210594539111453,30.767375,0.0,14.984900822236302,2.5
12065,1,2015,-83.9914,7.498567883217462,30.364,0.0,13.430441183086565,1.0
12067,1,2015,-83.2443,7.497348539728432,29.8898,0.0,14.0,1.0
12075,1,2015,-82.5447,7.491358307883933,29.1773,0.0,13.406164168760554,1.0
12079,1,2015,-83.40732,7.495883309851857,30.451870000000003,0.00640929714993332,15.315108724012395,1.2
12083,1,2015,-81.81388889,7.492349017317584,29.15333333,0.0,13.38781368422798,228.0
12085,1,2015,-80.4443,7.48069174662514,27.136650000000003,0.0,13.375823058982878,1.0
12086,1,2015,-80.48854444444444,7.495349892703991,25.5638,0.0,11.829752396293632,6.122222222222223
12089,1,2015,-82.0135,7.480713173497875,30.3617,0.0,13.366330351208596,6.0
12091,1,2015,-86.645925,5.7804849507744125,30.826975,0.0,16.133071773217267,9.5
12093,1,2015,-80.847,7.487465183404306,27.267133333333334,0.0,13.38887128802501,1.6666666666666667
12095,1,2015,-81.0734,7.487225700255544,28.5912,0.0,13.373731000284652,4.0
12097,1,2015,-81.1818,7.490102800604216,28.0874,0.0,8.0,3.0
12099,1,2015,-80.3934,7.487780082484707,26.7707,0.04,13.384917831229084,6.0
12101,1,2015,-82.6004,7.496941633696672,28.2802,0.0,13.425518637810908,8.0
12105,1,2015,-81.75475454545455,7.546399439489105,27.8808,0.0,11.987285566719903,9.090909090909092
12107,1,2015,-81.8827,7.480164844578157,29.6366,0.0,13.373995715625313,1.0
12111,1,2015,-80.4577,10.564901713017562,27.4726,0.0,6.75,3.5
12113,1,2015,-86.99848892307692,6.2924083016426575,30.703308307692307,0.0038461538461538464,13.855097080583288,351.0
12115,1,2015,-82.15703333333333,7.507698133754936,27.055633333333333,0.0,13.440218784192266,2.6666666666666665
12121,1,2015,-82.95580000000001,7.491166060071728,30.193777777777782,0.014444444444444446,15.067276006349621,2.2222222222222223
12123,1,2015,-83.6074,7.499990452549472,30.057675,0.0,16.0,1.0
12125,1,2015,-82.52815000000001,7.487411809356473,29.97305,0.0,13.390526708360849,1.0
12127,1,2015,-81.11506666666666,7.483840347731086,28.9145,0.0,13.367493485725042,1.0
12129,1,2015,-84.3539,7.506470200969672,30.2702,0.0,22.5,13.0
12131,1,2015,-86.1625,7.52289678136035,30.71934,0.0,13.800723624635562,4.2
12133,1,2015,-85.5856,7.516625368511018,30.8125,0.0,17.5,1.0
13009,1,2015,-83.34323889,7.4750394474038515,32.95148056,0.0,13.356825664745417,1.3
13017,1,2015,-83.19228240666666,7.4841601795037604,31.784577313333333,0.0,11.979358411286547,2.64
13019,1,2015,-83.33103611,7.4869061406316115,31.19470278,0.0319175030707183,11.5,2.07
13021,1,2015,-83.83069074,7.114701545427393,32.80401852,0.04,12.125576775791545,1.2333333333333334
13023,1,2015,-83.337954165,7.479181807244679,32.41344375,0.0,13.36792758079088,0.485
13025,1,2015,-82.12352222,7.474127600258008,31.22120833,2.0,8.0,1.0
13031,1,2015,-81.8663,7.470382670879708,32.31962778,0.0,13.32462474612594,1.6
13033,1,2015,-81.83736111,7.461256351400481,33.10625,0.0,19.5,0.38
13039,1,2015,-81.80971389,7.471607748688624,30.96936944,0.0,13.0,11.41
13045,1,2015,-85.02093333,7.490633441876207,33.80710556,0.0,13.397969023358415,0.68
13047,1,2015,-85.204698615,7.485891156806297,34.975256945,0.0,15.75,0.15000000000000002
13049,1,2015,-82.0522777775,7.476674163946779,30.718275,0.0,12.0,5.0
13051,1,2015,-81.29326944,7.4575405236369505,32.12240833,0.0,13.304141493673312,0.1
13057,1,2015,-84.47902778,7.486073227081538,34.258975,0.0,13.373448886948609,3.7
13069,1,2015,-82.91030000125001,7.4821067262990235,31.4961083325,0.0,14.40528374798869,1.21375
13073,1,2015,-82.137627775,7.462121208730837,33.505319445,0.0,13.307613378841808,6.575
13079,1,2015,-83.9347222225,7.485786524167229,32.694569445,0.0,13.383623770231456,2.37
13083,1,2015,-85.46927817428572,7.488103480677103,34.913823810000004,0.2642857142857143,13.39065861659645,3.2342857142857144
13087,1,2015,-84.604787222,7.504434438165627,30.785459443999997,0.0,13.4,1.3119999999999998
13091,1,2015,-83.194418334,7.479990425922284,32.211292778,0.0,13.219675017430598,5.396
13095,1,2015,-83.99768611,7.492325836234134,31.468225,0.0,10.0,0.18
13099,1,2015,-84.89734629666667,7.504114220902188,31.354800923333332,0.0,16.166666666666668,2.9
13101,1,2015,-82.76515278,7.491049685941907,30.71885556,0.0,19.0,4.19
13107,1,2015,-82.2676715275,7.469080936312586,32.5623986125,0.0,13.330567331752162,0.46499999999999997
13109,1,2015,-81.888125,7.467745766500213,32.177444445,0.0,13.325729538145437,1.0699999999999998
13111,1,2015,-84.228325,7.470828558603936,34.97896389,0.0,13.34540084619034,1.3
13131,1,2015,-84.284104442,7.498649290220084,30.902339444,0.0,14.47052302823497,1.1179999999999999
13137,1,2015,-83.513475,7.469671209801163,34.64777129666667,0.0,14.27762271283063,1.6066666666666667
13141,1,2015,-82.83617222000001,7.4711199784538325,33.24358472,0.0,13.336181519007766,5.949999999999999
13143,1,2015,-85.30876944,7.494561143175568,33.67709167,0.0,13.41023586940054,4.7
13145,1,2015,-84.69784444,7.494221212633264,32.82158333,0.0,13.407372972183044,1.83
13147,1,2015,-82.84381944500001,7.461181071981134,34.336875,0.0,11.5,2.785
13149,1,2015,-85.12169722,7.491707626330983,33.27674722,0.0,13.40975122331288,25.0
13153,1,2015,-83.75577778,7.489116395604698,32.33141667,0.0317513325305642,2.5,0.1
13155,1,2015,-83.12928333,7.481414729127679,31.59558056,0.0,11.0,1.2
13159,1,2015,-83.70571758999999,7.478042442296563,33.36720555666667,0.0105420465522652,13.24002438225682,1.1500000000000001
13161,1,2015,-82.56521944333333,7.477181665634551,31.821194446666667,0.0,13.5,1.5766666666666669
13163,1,2015,-82.45997777666666,7.472192667919541,33.13309444666667,0.0105838165866547,13.719413196582197,0.9700000000000001
13165,1,2015,-81.96632222,7.460421787153325,32.80338333,0.0,13.313083309216337,0.1
13167,1,2015,-82.614755556,7.4694793027417345,32.702349998,0.006344193222351099,14.06881391221284,2.94
13169,1,2015,-83.5262131925,7.47806487345583,32.9487312525,0.0,13.363703474308295,1.8824999999999998
13175,1,2015,-82.92283333285715,7.475643869762217,32.45433809714286,0.0,13.3539533761703,0.9157142857142857
13177,1,2015,-84.16696389,7.491357995703158,31.7858,0.0,10.0,0.1
13179,1,2015,-81.538295835,7.466232369141762,31.796422225,0.01597834110049875,17.5,0.55
13183,1,2015,-81.73425,7.472255587267123,31.68680556,0.11,13.332380650817536,2.3
13185,1,2015,-83.240339442,7.491395716566491,30.87251,0.0,13.397765681909476,0.974
13187,1,2015,-83.9522697925,7.472926818899683,34.56380486125,0.0,13.346035648032206,0.78875
13189,1,2015,-82.42606481333333,7.46333200081357,33.41678333666667,0.021111553358537666,13.317458682063458,2.1333333333333333
13191,1,2015,-81.38305556,7.463518560061999,31.51638889,0.0,13.320044705746284,3.0
13195,1,2015,-83.09126667,7.472723272645624,34.071825,0.0,13.330868527126787,0.41
13197,1,2015,-84.5064646842857,7.494470059794596,32.427262698571425,0.0,13.40871119683077,3.747142857142857
13199,1,2015,-84.65984722,7.49234941464059,32.97143981666667,0.0,13.402763739129691,9.333333333333334
13201,1,2015,-84.82649444666667,7.505623111078807,31.17719907333333,0.0,16.5,0.9533333333333333
13205,1,2015,-84.28179722,7.495649843916803,31.30810278,0.0,11.5,0.04
13209,1,2015,-82.527725,7.480635447088149,32.12455556,0.92,15.5,10.0
13213,1,2015,-84.69111111,7.482538463404492,34.75416667,0.0313464525831551,11.5,2.32
13215,1,2015,-84.93356389,7.502279226690365,32.43126944,0.0,15.0,1.98
13225,1,2015,-83.86838889,7.484218021946409,32.5327222225,0.0,13.383402469701833,1.2474999999999998
13229,1,2015,-82.19375,7.471786588787828,31.40961111,0.0,14.0,6.5
13233,1,2015,-85.173779165,7.48954833717732,34.026745835,0.0,13.397829830795253,0.44
13235,1,2015,-83.5315,7.483968182515495,32.28623472,0.0,13.378212182576986,1.335
13239,1,2015,-85.02883333,7.503734391349731,31.83213889,0.0,15.0,1.5
13243,1,2015,-84.815541665,7.50111270606276,31.646969445,0.0,15.25,1.22
13251,1,2015,-81.58711667,7.460881645102154,32.8033,0.0,13.30333024606988,2.25
13255,1,2015,-84.304840275,7.484553120045743,33.28779444,0.0,13.383227510832961,0.625
13257,1,2015,-83.31043333333334,7.4670560369171,34.51820833666667,0.0,12.775437096248494,0.9666666666666668
13259,1,2015,-84.72719444,7.499863950457072,32.04819444,0.0,14.0,31.7
13261,1,2015,-84.13465833,7.495680079041323,32.17886944,0.0,13.403581640996135,0.53
13263,1,2015,-84.58105,7.489741833550611,32.61615556,0.0,13.40459720721582,12.72
13267,1,2015,-82.06648056,7.474412558356602,32.02631667,0.0,11.5,0.27
13271,1,2015,-82.898953334,7.481144626976009,31.959795554,0.03185284414085092,15.5,3.44
13275,1,2015,-83.91028333333333,7.496940598693402,30.954721293333336,0.0,14.280454829615579,9.763333333333334
13277,1,2015,-83.55373750000001,7.488462399860012,31.503091665,0.0,13.394159486414214,6.135
13279,1,2015,-82.339625,7.473294436588927,32.128289816666666,0.0,13.56241044020768,4.206666666666666
13281,1,2015,-83.74655556,7.470945648269511,34.97825,0.0,13.332713444845666,0.2
13283,1,2015,-82.5927534725,7.473949439634811,32.3775104175,0.0,13.345308018433919,0.3775
13285,1,2015,-84.99732499999999,7.493369117414255,33.103531939999996,0.0,13.410287247487382,1.625
13287,1,2015,-83.60039721999999,7.487719893221479,31.638455555,0.0,13.392764754737392,2.4050000000000002
13289,1,2015,-83.428638885,7.480842690904828,32.71997222,0.0,13.366561893321167,0.8300000000000001
13291,1,2015,-84.07408333,7.473733706866268,34.85666667,0.0,13.345152535600873,0.34
13293,1,2015,-84.15396111,7.488194925919604,32.84919722,0.0,13.388564486953022,0.75
13295,1,2015,-85.33888889,7.487776867846504,34.90611111,0.0,14.0,2.7
13297,1,2015,-83.87769444,7.478474593624119,33.72661111,0.0,13.3609626802639,6.7
13299,1,2015,-82.38436389,7.478895414723828,31.26910278,0.0,13.360591171358628,0.75
13301,1,2015,-82.749425,7.468753853222008,33.40845278,0.0316518651813425,13.5,0.1
13305,1,2015,-82.03906666666667,7.474696708190759,31.56156944,0.0,13.344048089690716,1.5200000000000002
13309,1,2015,-82.71950000000001,7.476258576822024,32.078991666,0.025460674465175435,15.4,1.7559999999999998
13315,1,2015,-83.43700416499999,7.4861725031146715,32.0045361125,0.0,14.315829441291461,2.725
13317,1,2015,-82.810475,7.466184440377678,33.82395417,0.0157922339057069,11.913635151172596,0.95
13319,1,2015,-83.33238333,7.477860042130206,32.90611111,0.0,13.359104894247425,0.4
13321,1,2015,-83.88822639,7.491039846152903,31.69204722,0.0,10.702249481161722,5.14
15003,1,2015,-157.9433,8.354247887263044,21.4708,0.0,11.0,452.0
16057,1,2015,-116.6577126,7.755363963222765,46.79238317,0.0,4.0,0.1
17001,1,2015,-91.0776535,7.116494105931864,39.9673485,0.0,11.23991851989965,1.5
17133,1,2015,-90.2862345,7.517919567895017,38.3040695,0.0,13.484191181759893,2.5
17137,1,2015,-90.2151481,7.509894694234868,39.7636904,0.0,12.5,0.5
17201,1,2015,-89.19132819,7.48883084648886,42.2801398,0.0,13.373076346150256,0.25
19007,1,2015,-92.91375500000001,7.532108519813372,40.73932,0.0,13.5,50.5
19029,1,2015,-94.752044,7.547170067359195,41.44577,0.0,13.57198111801572,1.0
19099,1,2015,-93.25505,7.535023357059606,41.53703,0.0298678955040521,8.0,1.8
19137,1,2015,-95.074805,7.551546453295998,41.127055,0.0,15.25,20.25
19181,1,2015,-93.60651,7.536552629870782,41.17963,0.0,13.5,0.5
19185,1,2015,-93.42935,7.542587087392926,40.88435,0.0,13.0,50.0
20001,1,2015,-95.3775,7.577397971869074,37.89875,0.0,15.060973712565385,8.377500000000001
20003,1,2015,-95.24374999999999,7.573574117597361,38.23458333333333,0.004166666666666667,14.27498143185799,8.617291666666667
20005,1,2015,-95.2875,7.565060070415479,39.55,0.0,13.627949923661971,8.0025
20007,1,2015,-98.7397222,7.61,37.2777778,0.0,18.0,3000.0
20009,1,2015,-98.74249999999999,7.610772307000152,38.435,0.0,14.574610877052779,0.2575
20011,1,2015,-94.79666666666667,7.570509577730831,37.87833333333334,0.002520820050750033,13.55583463525639,42.791666666666664
20013,1,2015,-95.55428571428571,7.565980589166519,39.778571428571425,0.0,17.357142857142858,8.857142857142858
20015,1,2015,-96.96692307692307,7.593623884209226,37.73846153846154,0.0,14.2939583810044,2.5276923076923077
20017,1,2015,-96.58,7.58664000768271,38.349999999999994,0.0,15.5,17.5
20019,1,2015,-96.12,7.5889219771542855,37.0725,0.0,15.278152526198992,11.0
20021,1,2015,-94.73478260869565,7.573965693565346,37.12652173913043,0.0,13.934391303025626,5.266521739130434
20031,1,2015,-95.86,7.581398971679334,38.278,0.0,13.673997806210759,1.802
20033,1,2015,-99.345,7.624298483128788,37.260000000000005,0.0,9.405537222591155,0.01
20035,1,2015,-96.98851851851852,7.740603226572368,37.162592592592596,0.0,13.716316517871592,4.198888888888889
20037,1,2015,-94.69305555555555,7.571760577286472,37.4775,0.0008333333333333333,12.690852334132328,4.117222222222222
20041,1,2015,-97.114,7.588015589098385,38.80800000000001,0.0,14.563840404249035,0.057999999999999996
20043,1,2015,-95.16,7.560384468342578,39.83,0.0,11.0,0.01
20045,1,2015,-95.26222222222222,7.562933874277223,38.95148148148149,0.0014814814814814814,14.99540132392636,1.3014814814814815
20049,1,2015,-96.21333333333332,7.590162027654666,37.4,0.05666666666666667,13.302200576246795,1.6733333333333331
20051,1,2015,-99.15,7.610464691659732,38.71,0.0,13.773436747714792,2.0
20053,1,2015,-98.245,7.603602211620618,38.675,0.0,13.745496875988465,0.01
20055,1,2015,-100.985,7.632719310926206,38.08,0.0,13.846663100433588,0.505
20057,1,2015,-100.065,9.631099464841038,37.7325,0.0625,10.537866933220393,1.0675
20059,1,2015,-95.30103448275862,7.570798412451498,38.57206896551724,0.0,14.939192169740595,11.829655172413792
20061,1,2015,-96.75333333333333,6.250429412399106,39.02333333333333,0.0,17.06227014516106,15.0
20067,1,2015,-101.4,7.640190263227662,37.61,0.0,13.870012395709669,0.01
20073,1,2015,-96.17222222222222,7.586257263108562,37.86888888888889,0.0,13.691944816786199,27.556666666666665
20077,1,2015,-98.04,7.614925767863716,37.27,0.11,13.0,0.01
20079,1,2015,-97.424,7.597148423202144,38.019999999999996,0.0,13.483710196909106,0.20800000000000002
20085,1,2015,-95.77285714285713,7.570463813077268,39.42,0.0,15.97372427353672,13.858571428571429
20087,1,2015,-95.42307692307692,7.832812924831444,39.15153846153846,0.0,14.66871734722897,3.2415384615384615
20091,1,2015,-94.77032258064517,7.645505519554994,38.8783870967742,0.0009720165928252935,13.502590465936791,1.5958064516129031
20095,1,2015,-98.00333333333333,7.605595622159856,37.56333333333333,0.0,16.251453771818536,8.666666666666666
20099,1,2015,-95.29400000000001,7.987605434813689,37.278000000000006,0.0,14.038375581917288,4.154
20103,1,2015,-95.0508695652174,7.706390218736736,39.19347826086957,0.0013043478260869564,14.724357163750671,6.716956521739131
20105,1,2015,-98.0,7.5947278865984735,39.0,0.0,13.728034455534589,26.0
20107,1,2015,-94.6284,7.565448014651339,38.2043,0.0,14.0,2.9
20111,1,2015,-96.202,7.599985535760656,38.443999999999996,0.0,14.123296194870942,29.66866666666667
20113,1,2015,-97.67,7.595756984072635,38.58,0.0,13.726615011739408,1.0
20115,1,2015,-97.16,7.5944517167650405,38.37,0.0,14.11071934258134,12.0
20117,1,2015,-96.6,7.577245005982486,39.97,0.0,13.66408047629418,0.01
20119,1,2015,-100.34,7.638778500549245,37.29,0.0,15.5,0.01
20121,1,2015,-94.82714285714285,6.888218515405901,38.549523809523805,0.002871492821719914,14.102481826954712,3.958571428571428
20123,1,2015,-98.185,7.5961098256552635,39.42,0.0149146187730252,17.36328951115606,10.005
20125,1,2015,-95.67653846153847,7.573565863548255,37.21576923076923,0.0,15.205585230647046,3.541153846153846
20127,1,2015,-96.55333333333333,7.5827018159263915,38.74333333333333,0.0,15.166666666666666,3.0
20131,1,2015,-96.0,7.571098723701779,39.8925,0.0,14.73380031378914,5.255
20133,1,2015,-95.38000000000001,8.2056207818361,37.59846153846154,0.0,13.00159278173319,26.207692307692305
20137,1,2015,-99.77333333333333,7.608989630650407,39.87,0.0,16.17916664711581,1.6733333333333331
20139,1,2015,-95.69576923076923,7.575074407708939,38.70076923076923,0.0,13.74266118525534,18.34769230769231
20141,1,2015,-98.95,7.605719280140202,39.47,0.0,20.0,1.0
20145,1,2015,-99.33,7.616048068407115,38.14,0.0,15.146316526215166,0.505
20149,1,2015,-96.09,7.577821524129655,39.2,0.0,13.6631389684354,0.01
20151,1,2015,-98.73,7.612794442369706,37.64,0.0,13.780785624051557,2.005
20155,1,2015,-97.893,8.76693828729891,38.024,0.0,15.522972694973777,6.306
20157,1,2015,-97.43,7.585287564672477,39.99,0.0,13.691042427134931,1.0
20159,1,2015,-98.19,7.602065177539871,38.35,0.0,13.748182765001411,3.0
20161,1,2015,-96.68,6.470759467807668,39.233333333333334,0.0,14.119386954558133,5.336666666666666
20163,1,2015,-99.36,7.610088105364837,39.24,0.0,14.0,2.0
20165,1,2015,-99.32,7.611542578876227,38.65,0.0,15.0,1.0
20169,1,2015,-97.61,7.594996855988757,38.79,0.0,13.721197348775451,1.25875
20173,1,2015,-97.39241379310346,7.599336349815233,37.708275862068966,0.0010344827586206897,14.143332667564117,0.9313793103448276
20175,1,2015,-100.89,7.637334489655356,37.14,0.0,22.0,0.1
20177,1,2015,-95.66843137254902,7.348062260190995,39.031176470588235,0.0015714674312346806,14.39819691463068,2.3466666666666667
20179,1,2015,-100.44,7.617532538921847,39.36,0.06,8.5,0.01
20181,1,2015,-101.88,7.635434299784553,39.16,0.0,13.855056803884718,0.01
20185,1,2015,-98.855,7.613571753882738,37.965,0.0,13.779458228256587,1.505
20191,1,2015,-97.378,7.602488861667592,37.246,0.0,13.711608754605708,1.8706666666666665
20197,1,2015,-96.09833333333334,7.580659872584047,38.90833333333333,0.0016666666666666668,11.390348272249641,9.503333333333334
20201,1,2015,-97.29,7.58291494080648,39.83,0.0,13.688311538171462,0.01
20205,1,2015,-95.704,9.828823779769134,37.634,0.0,14.810843400970649,6.803999999999999
20209,1,2015,-94.73166666666667,7.561907708076499,39.11333333333334,0.0,14.014237093909921,0.01
21043,1,2015,-82.9085,7.444467290406928,38.3576,0.0,9.0,3.25
21057,1,2015,-85.4465,7.477888950187926,36.6913,0.0310244761589793,8.5,3.2
21063,1,2015,-83.0771,7.44366828477909,38.1158,0.0,13.5,18.0
21071,1,2015,-82.7399,7.441977126983009,37.6065,0.0,17.5,1.0
21089,1,2015,-82.8152,7.441461075996347,38.4342,0.0,11.5,0.1
21119,1,2015,-83.0095,7.445755656076172,37.4396,0.0,13.25765126637253,6.0
21121,1,2015,-83.92518333333334,7.462680881106876,36.934466666666665,0.0,13.301028582073506,2.75
21125,1,2015,-84.24972222,5.59,37.02138889,0.0,10.5,0.1
21127,1,2015,-82.66776666666667,7.4403672632618365,38.002766666666666,0.016666666666666666,14.0,17.666666666666668
21133,1,2015,-83.0041,7.448600757865271,37.07455,0.025,12.75,1.0
21135,1,2015,-83.0348,7.445627772088128,38.684,0.0,13.23851412948813,15.0
21137,1,2015,-84.5085,7.462715932820361,37.4268,0.0,13.30871609406628,8.0
21153,1,2015,-83.01025,7.446094326308949,37.77205,0.0,15.75,5.75
21189,1,2015,-83.6505,7.452412348995399,37.4767,0.0,12.0,3.0
21193,1,2015,-83.19040000000001,7.448867443507689,37.346000000000004,0.0,13.265970672239435,27.5
21235,1,2015,-84.02935,7.461746277912267,36.7139,0.0,16.0,16.5
21237,1,2015,-83.3878,2.01,37.7038,0.0,13.0,5.0
22003,1,2015,-92.8786,7.594183329613396,30.5126996,0.0,14.382819172158847,8.45
22011,1,2015,-93.5172625,7.599811923179807,30.5824375,0.0,14.500177146936698,32.237500000000004
22013,1,2015,-93.08477333333333,7.586264631089428,32.37643,0.0,13.697135240004044,54.79
22017,1,2015,-94.01023333333335,7.5926727933371545,32.73349666666667,0.0,14.4090502007341,42.163333333333334
22021,1,2015,-92.12732,7.576418324554091,31.99073,0.0,10.5,4.39
22027,1,2015,-92.94392,7.581303057270784,32.91013,0.0,17.54413780465103,5.949999999999999
22031,1,2015,-93.77695,7.598213950798793,31.94822,0.0,13.730106335188012,3.8
22037,1,2015,-91.06,7.571284751778818,30.959666666666667,0.0,13.656084760455919,6.926666666666667
22039,1,2015,-92.543,7.5887959009124035,30.696,0.0,13.71106255914873,35.0
22043,1,2015,-92.574636,7.584185919577905,31.735519,0.0312649740488012,17.75,6.5649999999999995
22049,1,2015,-92.55849,7.577796798529817,32.44091,0.0,13.676609495395006,2.3
22059,1,2015,-92.16381666666666,7.581065077781813,31.56228333333333,0.0,16.333333333333332,10.556666666666667
22061,1,2015,-92.68731000000001,7.580767668170821,32.54772333333333,0.0,15.122444615399344,0.3
22063,1,2015,-90.60259,7.56734473337125,30.60961,0.0,13.646922445409372,7.4
22069,1,2015,-93.25336,7.593867098708199,31.74749,0.0,13.71655564280568,10.54
22073,1,2015,-92.365,7.575644805885987,32.452,0.0,20.0,6.24
22079,1,2015,-92.63693209888889,4.545515186839584,31.043472222222224,0.12666666666666665,12.277777777777779,5.836666666666667
22081,1,2015,-93.20512,7.591405270747278,32.05113,0.0,13.70885069273174,2.2
22091,1,2015,-90.75879857142857,7.570695870784749,30.74524142857143,0.0,13.651110493703138,5.308571428571428
22097,1,2015,-92.169285,7.5863544582276,30.53805,0.0,13.70205649824343,0.375
22103,1,2015,-89.89445,7.560212867564119,30.65211,0.0,13.62279795311854,2.38
22105,1,2015,-90.35679571428571,7.56602031136754,30.75802857142857,0.0,13.637184322545918,13.477142857142857
22115,1,2015,-93.0664125,3.913634785010836,31.10376,0.015650569820491074,15.375,2.6525
22117,1,2015,-90.12223800000001,7.562859176327454,30.905072,0.0,13.626562604746505,15.440000000000001
22119,1,2015,-93.33189,7.5851123848190225,32.83395333333333,0.01,11.461366184316027,4.966666666666667
22127,1,2015,-92.85,7.592540619998621,31.86777778,0.031255242172433,12.0,0.3
23003,1,2015,-68.289,6.49,47.1682,0.0,10.0,0.1
23019,1,2015,-68.849125,7.16,44.776581,0.0,8.5,0.1
25001,1,2015,-70.2405225,7.284048134522044,41.839626499999994,0.0156316543377809,8.25,0.175
25007,1,2015,-70.640425,7.292351115452956,41.450605,0.02,12.765569340868886,0.25
25013,1,2015,-72.4645185,7.3099370750613755,42.093263,0.0,7.5,0.275
25023,1,2015,-70.80970766666667,7.289217381865616,41.949075666666666,0.07333333333333333,13.754087542850648,0.25
25027,1,2015,-71.84513836363637,7.915631122787264,42.41852645454546,0.08545454545454546,10.628103174861064,0.9145454545454546
27009,1,2015,-93.88227625,7.506181000732535,45.73938658,0.0,12.5,0.5
27103,1,2015,-94.46291731,7.523607603958493,44.34654686,0.0,13.502898207876818,0.1
28003,1,2015,-88.56931369,7.523160674457904,34.86520966,0.0,14.0,25.0
28005,1,2015,-90.88230345299999,7.370731570412081,31.136277795,0.0,13.632710632747962,22.3
28007,1,2015,-89.53837783666665,7.542171884973745,33.05025959,0.0,14.5,13.0
28009,1,2015,-89.27854533,7.530484738938959,34.79450877,0.0,12.0,4.0
28013,1,2015,-89.38421052,7.534559436848144,33.74439118,0.0155882591527951,18.0,3.5
28019,1,2015,-89.25439568,7.541192328885597,33.13969439,0.0,15.5,1.0
28021,1,2015,-90.99389533,7.564258217798081,31.926927595000002,0.0,14.0,75.5
28023,1,2015,-88.65326297,7.538407670394986,32.05234999333333,0.0,14.10038212530142,19.0
28025,1,2015,-88.946319,7.529980065991095,33.72403664,0.0312029892686354,18.5,10.0
28029,1,2015,-90.44853102571429,7.561795374080867,31.884819287142857,0.0,14.428571428571429,20.285714285714285
28031,1,2015,-89.48031427,7.548161818466431,31.72112403,0.0,14.5,11.0
28035,1,2015,-89.26085682666667,7.553954102823039,31.156219118333336,0.0,15.442643860012543,2.5833333333333335
28037,1,2015,-90.74534972999999,7.564041226720738,31.365807785,0.0314202832192091,13.5,27.5
28039,1,2015,-88.67666227,7.547996186288356,30.892654404,0.012647622130452441,14.245094622722245,7.8
28041,1,2015,-88.56303809,7.546883230442416,31.305025996666668,0.010512883762688533,12.212087490994612,7.666666666666667
28043,1,2015,-89.83870404,7.540662062262072,33.85007742,0.0,13.55782149665204,2.0
28045,1,2015,-89.4437874075,7.557709885399106,30.5812774525,0.023719549170588376,15.403335626287994,5.0
28047,1,2015,-89.18383742214284,7.556634409795796,30.515042265,0.018090424444740842,14.173846119769252,5.785714285714286
28049,1,2015,-90.35040817000001,7.558253869902284,32.226912035,0.0,13.803281627400413,5.05
28051,1,2015,-90.040230536,6.720152544718023,33.087808198,0.0,15.916333424750572,14.2
28059,1,2015,-88.65695895360001,7.444519267145881,30.5251477524,0.016467983061036983,12.71355261165774,14.228000000000002
28061,1,2015,-89.14112745999999,7.5437151517426315,32.011395293999996,0.0,14.657419254150222,4.2
28063,1,2015,-90.9228230825,7.56558590529864,31.644309775,0.0825,13.637861551777235,20.125
28065,1,2015,-89.86317276749999,7.556295843649619,31.60070921166667,0.0,14.12858409632056,7.166666666666667
28067,1,2015,-89.12321308,7.549095828791794,31.62500055,0.0,13.579642235716378,37.0
28071,1,2015,-89.622461695,7.537485167496989,34.27856473999999,0.0,15.272231176185386,29.0
28073,1,2015,-89.5259199,7.555955029588016,31.07235399166667,0.005262785040080017,13.603574724172999,4.333333333333333
28075,1,2015,-88.681784022,6.702323058755146,32.357128344,0.0,14.138338858262689,3.0
28077,1,2015,-90.13163268285714,7.557589319268623,31.545171297142854,0.0,13.367316036724445,25.0
28079,1,2015,-89.51251716875,7.543769453696343,32.78668260375,0.0,14.041277862865316,3.5
28085,1,2015,-90.39057274666668,7.561885308251576,31.539786477333333,0.0047621759729195535,13.723323094140476,13.666666666666666
28089,1,2015,-89.75545541,7.545503915447568,32.71712157,0.0,15.866635920361064,15.0
28091,1,2015,-89.80903419363636,7.55728168964184,31.235225308181818,0.011460662164892,15.136363636363637,5.545454545454546
28093,1,2015,-89.46995069333333,7.531618724484935,34.79126668,0.0051800726304919,13.014332310204807,22.666666666666668
28095,1,2015,-88.45761027,7.527777545211764,33.719586995,0.2,11.755286224588499,4.5
28097,1,2015,-89.44130082,7.536691297272074,33.44809723,0.0,12.5,6.0
28099,1,2015,-89.06780583999999,7.5387124049220775,32.764510232,0.0,15.321220285069824,3.4
28101,1,2015,-88.95067889,7.538876052647931,32.34115214,0.0,21.5,2.0
28103,1,2015,-88.737931815,7.533260838008457,33.008823989999996,0.0,13.537116668332406,2.5
28105,1,2015,-88.99882014,7.534853776673291,33.464305880000005,0.0,13.537858905339784,4.0
28109,1,2015,-89.50133538727272,7.558541197707722,30.78983993181818,0.007564394281250536,12.076690772159411,10.909090909090908
28111,1,2015,-88.990221408,7.55019040451066,31.254057111999998,0.0,16.3,4.1
28113,1,2015,-90.38024331,6.6,31.05606886,0.0,11.25,10.5
28117,1,2015,-88.49975814666668,7.5224857877959055,34.61739227333333,0.0,14.332771690204867,4.0
28121,1,2015,-89.98488977666666,8.689497634504862,32.33236104333333,0.0,14.561597541164817,8.0
28123,1,2015,-89.48191945,7.545620421645211,32.23916567,0.0,13.577142561067635,6.0
28127,1,2015,-89.77354432571428,7.5519216420541095,31.930326044285714,0.0,15.52760788244949,5.0
28129,1,2015,-89.54803148857143,7.549130629041147,31.953687265714287,0.0,14.406503204040474,12.0
28131,1,2015,-89.09465589,7.552156351978064,30.82294740111111,0.01756462715240329,14.43179214487087,6.333333333333333
28135,1,2015,-89.98198735,7.547244974893386,33.94858261,0.0,13.564372625643085,4.0
28139,1,2015,-88.92612300571429,7.526427803106346,34.71797540714285,0.0,14.145396403752118,6.571428571428571
28141,1,2015,-88.31451312,7.516214140864516,34.87247333,0.0,13.485180471958197,17.0
28147,1,2015,-90.0836019625,7.560591121095664,31.14729664875,0.019699726122943313,14.856801488338064,5.5
28153,1,2015,-88.67389320888888,7.542242641238805,31.678133745555556,0.003502523145503544,13.381069042391706,3.888888888888889
28155,1,2015,-89.28740433,7.538049726010604,33.5680924,0.0,16.0,3.0
28159,1,2015,-89.10727966166667,7.536793106606335,33.06775877166667,0.0,12.191757526679396,24.833333333333332
28161,1,2015,-89.88197607999999,7.542111568732977,34.021307335,0.0,13.557204582123369,8.0
29009,1,2015,-93.85103333333332,7.566871354792672,36.6753,0.0,13.636609964753285,1.6666666666666667
29011,1,2015,-94.54184444444445,7.569821345207022,37.546099999999996,0.0,13.58703134125745,20.555555555555557
29013,1,2015,-94.31670000000001,7.563158563175032,38.274566666666665,0.0,13.621176843873721,5.0
29015,1,2015,-93.27465186083333,7.5519070280977045,38.32577580583334,0.0,14.272126025638258,7.041666666666667
29027,1,2015,-92.071518,7.540390068966704,38.650021,0.0,13.540771374326075,1.0
29029,1,2015,-93.01,7.550285761062371,38.09,0.0,13.581017709577225,5.0
29037,1,2015,-94.1275,7.558458202411619,38.69111111,0.0,13.606477753120064,10.0
29039,1,2015,-93.986636,7.56064253016933,37.581147,0.0,13.62176685239691,22.0
29043,1,2015,-93.0204,7.552417940026736,37.0651405,0.0,11.0,1.0
29055,1,2015,-91.5048055,7.5336511876760035,38.1005841,0.0,13.530037131915623,10.0
29065,1,2015,-91.538858335,7.535017581607617,37.64881389,0.007633385462118175,11.781691577472754,8.5
29071,1,2015,-91.261273335,7.530083467004861,38.307901335,0.0304307249508034,13.25,3.0
29077,1,2015,-93.127951,7.556688209212646,37.317258,0.01,10.150721762463652,0.9375
29083,1,2015,-93.769126,7.55788674977592,38.4026322,0.0,11.9,1.3199999999999998
29091,1,2015,-91.9,7.54617559157455,36.86666667,0.0,13.568280505883052,35.0
29097,1,2015,-94.44143075,7.571243058612785,37.087849250000005,0.0,13.648591098231798,0.625
29099,1,2015,-90.53916125,7.52190942157908,38.13521575,0.0,13.24762191497496,5.5
29101,1,2015,-94.03847222166667,7.556962072665869,38.76050925916667,0.0,13.259876722965643,6.104166666666667
29105,1,2015,-92.4699916675,7.547349091354744,37.7742625,0.0,13.569778465934096,1.2525
29123,1,2015,-90.2856144,7.525501980966434,37.53766394,0.0,13.700720827289587,2.0
29129,1,2015,-93.55317833333334,7.5404624144473855,40.36080483333333,0.0,14.37666301568801,20.166666666666668
29131,1,2015,-92.34224549999999,7.544238481895945,38.119527500000004,0.0,13.55888035734949,5.0
29141,1,2015,-92.995475001,6.693986546927259,38.453833332,0.0,14.602070765645237,2.55
29145,1,2015,-94.39245785714286,7.5718112405900575,36.86398228571428,0.0,13.651213087449955,1.6042857142857143
29149,1,2015,-91.51765999999999,7.544614892236055,36.58613,0.0,13.561565815391555,1.3333333333333333
29151,1,2015,-92.0913,7.538162086226007,38.4405,0.0,13.543157233510769,3.0
29163,1,2015,-91.30224820000001,7.522079707882805,39.2729832,0.0,5.5,5.6
29169,1,2015,-92.30439975,7.544222548751686,37.91067125,0.0,13.545194641830872,2.5
29179,1,2015,-91.01944444,7.532327492691687,37.49166667,0.0,13.52595080481876,971.0
29181,1,2015,-90.750555555,7.5301920298018725,36.7825,0.01533030362526235,12.763962758484656,58.0
29183,1,2015,-90.908453,7.524883755690571,38.586569,0.0,13.500775998356495,2.0
29185,1,2015,-93.633625,7.558144487670938,37.91005,0.0,13.605555912575834,142.0625
29203,1,2015,-91.28731544499999,7.5372703995687065,37.080803945,0.0153007713894264,11.5,0.79
29215,1,2015,-91.85,7.542580947584279,37.108,0.0,13.560774283416606,1.0
29217,1,2015,-94.125147,7.565925018269124,37.69757,0.0,13.627055426407203,10.0
29221,1,2015,-90.86574,7.526084906441895,37.942955,0.0,11.633630482844723,3.5
29225,1,2015,-93.013026,7.559230074646925,37.170078,0.0,9.5,1.0
29229,1,2015,-92.35935185333334,7.550049474990136,37.190925926666665,0.0,12.051522705269178,3.6666666666666665
30003,1,2015,-108.30250000000001,7.663999206965158,45.402100000000004,0.0141631801389723,10.75,1.15
30005,1,2015,-108.6906,7.650781164172738,48.0314,0.0279449119315917,6.5,0.1
30041,1,2015,-109.7414,7.661786371596325,48.255,0.0278520365019345,5.5,0.7
30087,1,2015,-106.6225,7.64424207457706,45.6364,0.0284140163146938,8.5,0.3
31015,1,2015,-98.65425,7.578280841967067,42.84717,0.0,8.5,125.0
31019,1,2015,-98.946965,7.593354805032631,40.865295,0.0,13.722680522976528,0.625
31023,1,2015,-97.13719,7.572590540618013,41.06841,0.0,5.5,0.2
31041,1,2015,-99.52777,7.595608288388783,41.37114,0.0,13.731540716372136,40.0
31047,1,2015,-99.63856,7.605056379952904,40.730900000000005,0.0,13.750816790584903,10.5
31061,1,2015,-98.92972,7.597485241162756,40.19083,0.0,13.735619910333138,1.0
31063,1,2015,-100.5146,7.618120424025214,40.6345,0.0,20.5,10.0
31067,1,2015,-96.69006,7.582504820614469,40.24491,0.0,13.665557301082051,1.0
31071,1,2015,-98.80612,7.583790006963866,41.88692,0.0,13.696485887415465,12.0
31081,1,2015,-98.22814,7.588095097101275,40.77455,0.0,13.701611258840074,1.55
31093,1,2015,-98.63794,7.592986557251024,41.112579999999994,0.0,13.710325048877468,1.05
31095,1,2015,-97.1715,7.582837907900063,40.05653,0.0,13.681528124589548,10.0
31109,1,2015,-96.69281333333333,6.987884404263583,40.715,0.0,15.433898905043923,1.0666666666666667
31111,1,2015,-100.5417,7.606646148435038,41.1731,0.0,13.768798528533068,1.0
31127,1,2015,-95.78587,7.562667535304163,40.46606,0.0,13.625078119149965,3.0
31129,1,2015,-98.14193,7.592809464381412,40.30658,0.0,13.709831395198613,15.0
31131,1,2015,-96.1873825,7.567880394165195,40.6512925,0.0,15.532713687636853,2.25
31147,1,2015,-95.861425,7.567280727581823,40.226695,0.0,13.633898125887779,2.125
31151,1,2015,-97.338675,7.582306959309123,40.420485,0.03,13.67984452805106,0.1
31153,1,2015,-95.9869,7.562796995133169,41.13828,0.0,13.619838833760532,0.1
31155,1,2015,-96.64559,7.565859219693705,41.0577,0.0,14.0,0.25
31171,1,2015,-100.7748,7.607882709271893,41.8444,0.0,13.765149588732587,1.0
31179,1,2015,-97.237075,7.56888952700297,42.257875,0.0,10.570021548054095,1.0
31183,1,2015,-98.70037,7.586183044504822,41.98525,0.0,13.69369091416714,0.5
32003,1,2015,-114.8811,7.801508177973185,36.2997,0.0,14.35396002410134,0.1
32013,1,2015,-117.7164,7.786993877482293,41.9742,0.0,13.0,0.1
33007,1,2015,-71.01694444,7.278441941596696,44.37527778,0.05,8.0,0.1
34001,1,2015,-74.809,7.340197936718129,39.5615,0.0,12.937401379001477,0.25
34009,1,2015,-74.8984,7.345094136885095,39.0648,0.0,12.950852807164338,0.25
34011,1,2015,-75.2917,7.357998976331962,39.3638,0.0,5.0,3.0
34015,1,2015,-75.0,7.350352606203941,39.5366,0.0,12.949513977985175,0.25
34019,1,2015,-74.9059,7.34215778707006,40.4227,0.0,12.927604609839705,0.25
34027,1,2015,-74.6394,7.341125684759282,40.87475,0.0,9.710813151871594,3.25
34029,1,2015,-74.2522,7.3403601079377445,39.782199999999996,0.010438880705391701,12.277524175185578,0.25
34031,1,2015,-74.2945,7.332607645807611,41.1239,0.02,12.894020395439751,0.25
34037,1,2015,-74.8013,7.340350240678739,41.2385,0.0,12.9107158408016,0.25
34041,1,2015,-74.9539,7.3433161175162,40.9724,0.0,12.920923394345856,0.5
35006,1,2015,-107.2914,7.719514694649005,34.9975,0.51,5.5,0.1
35015,1,2015,-104.39,7.706548067765302,32.531398499999995,0.0,14.073273976044351,0.1
35021,1,2015,-103.853867,7.682966900686134,35.995,0.0,15.5,185.0
35035,1,2015,-105.4809265,7.718734139699167,32.933375999999996,0.0,9.802262484568821,119.5
35047,1,2015,-105.366822,7.704354695016754,35.550127,0.0,14.049891959524366,5.0
35061,1,2015,-106.76202,7.715727455214033,34.75868,0.0,22.5,0.6
36005,1,2015,-73.8282,8.28,40.8612,0.05,2.0,0.1
36007,1,2015,-75.984,7.345311845110087,42.0964,0.01,12.931730986066256,0.1
36009,1,2015,-78.5535,7.365876285573682,42.4332,0.0,13.008003078360275,0.1
36011,1,2015,-76.684,7.338191223800009,43.322,0.0,4.0,0.1
36015,1,2015,-76.83879999999999,7.351334334037261,42.1192,0.0,12.730180794319864,0.1
36019,1,2015,-73.4392,7.293741449435311,44.9328,0.0,12.785503180958642,0.1
36027,1,2015,-73.8904,4.104766753425156,41.63735,0.285,8.0,0.1
36029,1,2015,-78.9805,7.375143294368041,42.7073,0.0306064825913443,13.021053019535575,0.1
36031,1,2015,-73.722,7.301539913054502,44.4258,0.0,12.80614787357372,0.1
36047,1,2015,-73.9603,7.329362772467762,40.62016,0.078,12.891016711706873,0.1
36055,1,2015,-77.90100000000001,7.35987985507232,43.24865,0.04,12.973846361872008,0.1
36059,1,2015,-73.59783333333333,7.3289805835085025,40.716766666666665,0.0,12.879623265523833,0.10000000000000002
36061,1,2015,-73.9552,4.03,40.7886,0.05,1.5,0.1
36071,1,2015,-74.18663333333335,7.674442740481027,41.379250000000006,0.008333333333333333,12.154548236827418,0.10000000000000002
36075,1,2015,-76.1251,7.332714206210491,43.6522,0.12,12.902558971273692,0.1
36079,1,2015,-73.6093,7.321343868370445,41.4961,0.0,14.0,0.1
36081,1,2015,-73.83261666666667,13.338836375616454,40.75585,0.0,9.314645880262495,0.10000000000000002
36091,1,2015,-73.66890000000001,7.316186638697404,43.11135,0.0154468620351451,8.6689474896495,0.1
36097,1,2015,-76.7414,7.354284393641528,42.3218,0.0,12.95412137754943,0.1
36103,1,2015,-72.89318461538461,8.06302768284473,40.86894615384615,0.0,9.704996835802554,0.1
36107,1,2015,-76.3449,7.344031805724951,42.0757,0.02,10.5,0.1
36119,1,2015,-73.78625,7.3547016550457,41.104124999999996,0.0,9.06514512496015,0.1
37003,1,2015,-81.131604,7.436259978226428,35.9297415,0.0,12.542843417561826,0.175
37005,1,2015,-81.1987245,7.433173422153186,36.480582999999996,0.0,13.216590922174507,0.6
37007,1,2015,-80.13110214285715,7.431254703659978,34.93535685714286,0.0,12.071428571428571,0.2285714285714286
37009,1,2015,-81.49410533333334,7.434847223536303,36.45939966666666,0.0,13.225856139937266,16.766666666666666
37011,1,2015,-81.95236066666666,7.443494211312051,36.075299666666666,0.0,10.000188596693553,2.2333333333333334
37013,1,2015,-77.047066,7.397173138761092,35.6013,0.0,13.5,10.0
37015,1,2015,-76.974153,7.394969703389874,35.9767364,0.012662811013319059,13.7,0.1
37017,1,2015,-78.775691,7.4182860874832794,34.6754495,0.0,13.171195946950013,1.5
37021,1,2015,-82.58592,7.455163661465161,35.55947388888889,0.0,13.552098870133799,0.30000000000000004
37023,1,2015,-81.51000619999999,7.440638463211927,35.7426296,0.006,13.291908580139102,0.6799999999999999
37025,1,2015,-80.49042200000001,7.433435632711654,35.387005333333335,0.02,13.21531379628857,0.3
37027,1,2015,-81.54836471428571,7.4422567740506755,35.87668866666667,0.0,11.818640619727645,1.0
37033,1,2015,-79.518416,7.413712544584181,36.313500000000005,0.0,13.161931104981857,7.6
37035,1,2015,-81.24273542857144,7.433944251842142,35.724959142857145,0.0,13.197891311175358,0.21428571428571427
37037,1,2015,-79.38360685714285,7.421055409394525,35.686542571428575,0.01,13.076977484926504,0.2285714285714286
37039,1,2015,-84.121429,7.4765268109887035,35.0906995,0.0078409321702704,10.711349463183902,1.175
37041,1,2015,-76.643066,7.387117301879182,36.198266,0.0,13.070085451502235,2.0
37043,1,2015,-83.78992766666667,7.470126289977835,35.041305333333334,0.0,14.552691514499903,0.9
37045,1,2015,-81.5079933076923,7.443755463879469,35.323962538461544,0.0007692307692307692,12.826461082228604,0.29230769230769227
37047,1,2015,-78.713993,7.418683115582381,34.308783,0.046,13.175631791430112,0.8800000000000001
37049,1,2015,-77.158783,7.397038877638027,35.2782,0.0,13.104844838813476,0.5
37051,1,2015,-78.93612733333333,7.4172889497036225,34.963044333333336,0.0,13.170238562885592,2.4
37053,1,2015,-75.881883,7.382531839953143,36.226433,0.0,13.046449891555874,0.2
37057,1,2015,-80.10332450000001,7.4235044272835715,35.7663745,0.0,19.25,1.75
37059,1,2015,-80.57281444444445,7.4306267273969,35.93161633333333,0.10666666666666666,13.68388006517596,0.47777777777777775
37063,1,2015,-78.863666,7.405973547476919,36.1565,0.0,13.5,3.0
37067,1,2015,-80.262283,7.422463344063459,36.127296666666666,0.0,13.409124549115418,0.5499999999999999
37069,1,2015,-78.4385,7.409727958432369,36.096166,0.0,13.134128437719006,0.1
37071,1,2015,-81.11376066666666,5.777056183705805,35.22721633333333,0.0,12.156307238118103,0.2333333333333333
37073,1,2015,-76.861016,7.382398794168417,36.41555,0.0,13.069329523562182,0.4
37075,1,2015,-83.82021928,7.470483784770433,35.321975,0.03132528139485085,11.25,0.625
37077,1,2015,-78.673333,7.403255041176683,36.202333,0.0,13.134432021473238,4.0
37079,1,2015,-77.67240433333333,7.403660537454031,35.461249,0.0,13.039524265714727,0.7333333333333334
37081,1,2015,-79.7466184117647,6.792560685895402,36.03632123529412,0.0023529411764705885,12.26804699426846,1.011764705882353
37083,1,2015,-77.8271,7.403476433919244,36.222783,0.0,13.111812754914896,0.3
37085,1,2015,-78.98914363636364,7.41616956038605,35.300504272727274,0.009090909090909092,13.165562165859226,0.6727272727272727
37087,1,2015,-82.94300000000001,7.455793815060808,35.670483,0.0,13.290505770154656,19.5
37089,1,2015,-82.45284133333332,7.452978834254122,35.3062495,0.0,12.400877229046465,0.5166666666666667
37091,1,2015,-76.995233,7.39078670063215,36.512216,0.0,15.5,1.5
37093,1,2015,-79.27448333333334,7.420791556016911,34.944977333333334,0.0,14.062945246045777,2.5
37097,1,2015,-80.920188,7.433041780565505,35.7257096,0.0,13.221083572172839,0.3
37099,1,2015,-83.130987,7.461480061475312,35.260341499999996,0.0,11.776310283208367,0.1
37101,1,2015,-78.17695,7.409542325517274,35.567383,0.0,13.13545253214714,0.2
37103,1,2015,-77.248216,7.403227225040394,35.052383,0.0,13.114850112086838,3.0
37105,1,2015,-79.18056616666667,7.417272386665932,35.425721833333334,0.0016666666666666668,13.169376045672498,0.2333333333333333
37107,1,2015,-77.67268299999999,7.407373768823021,35.200546200000005,0.00635452918007016,13.126474257070413,0.38
37109,1,2015,-81.28315711111111,7.441174382438529,35.51003855555555,0.003499099296405011,13.936779192610668,0.32222222222222224
37111,1,2015,-81.9991675,7.4467211762047585,35.717216428571426,0.017929562019178454,13.251015505402155,0.5785714285714285
37113,1,2015,-83.4383275,7.468463995387726,35.153331963333336,0.0,13.220793150077194,0.43333333333333335
37115,1,2015,-82.625433,7.453489067587384,35.833739800000004,0.006,13.021365651519565,1.1800000000000002
37119,1,2015,-80.72751066666666,8.315131247032047,35.26547733333334,0.010497007318808767,13.074993979298561,0.16666666666666666
37121,1,2015,-82.324666,7.448005842146778,36.0551,0.02,13.262910172407649,2.5
37125,1,2015,-79.48511171428571,7.422305521508209,35.24812585714285,0.013549155231917428,12.505914566648597,0.31428571428571433
37127,1,2015,-77.9647966,7.40446040169482,35.8986064,0.0,13.121247154088485,0.42000000000000004
37129,1,2015,-77.848516,7.61,34.284433,0.0,17.5,0.5
37131,1,2015,-77.6115,7.393595700900833,36.459,0.0,9.0,0.5
37135,1,2015,-79.236291,7.415460557950309,36.1570915,0.0,13.158074176495049,1.5
37141,1,2015,-78.10508300000001,7.408342941143657,34.5407745,0.0,13.57461317275153,1.05
37149,1,2015,-82.156372,7.448487189336002,35.26365533333333,0.0,13.271307484518635,0.6
37151,1,2015,-79.914808,7.425512117923086,35.844908000000004,0.0,10.25,0.6
37173,1,2015,-83.3667,7.4613195382768165,35.46,0.0,10.25,0.75
37179,1,2015,-80.6719,7.436645383580382,35.111633,0.0,13.22659387805652,0.5
37199,1,2015,-82.172333,7.447157214071574,35.931683,0.0,11.0,9.3
38051,1,2015,-99.54995,7.569727527931247,46.1325,0.0,10.57391477304013,1.0
38085,1,2015,-100.63683666666667,7.5832630763766815,46.090270000000004,0.0,10.392369019221055,0.2333333333333333
39001,1,2015,-83.430053,7.443123541027331,38.941896,0.0,13.243266885575494,1.25
39079,1,2015,-82.676712,7.4346050489570334,38.859192,0.0,13.21901982382338,2.0
39087,1,2015,-82.641030665,7.433392205506226,38.752377835000004,0.0,13.218972065162623,1.75
39145,1,2015,-82.828972,7.440059370763558,38.705945,0.0,13.114159955008548,0.505
40001,1,2015,-94.61443603340426,7.580895384320675,35.773092525531915,0.0,13.668633229957063,20.04042553191489
40005,1,2015,-95.947132,7.1575983746762075,34.5358,0.0,16.099196972164385,304.4
40007,1,2015,-100.221577,7.637631199818967,36.620212,0.0,13.85277521911432,1000.0
40011,1,2015,-98.53053,7.62095080464638,36.03011,0.0,14.0,0.3
40015,1,2015,-98.29980499999999,7.626802308509307,35.08244500000001,0.0,17.4081525646286,0.75
40017,1,2015,-97.97503,7.62034055333975,35.605475,0.0,13.797957577974994,0.5
40021,1,2015,-94.96218999999999,7.584108800480157,35.91592652173913,0.0013272457245252739,13.730329097708774,44.25217391304348
40023,1,2015,-95.62833499999999,7.604028276295002,34.15133,0.0,15.871093590228265,22.5
40031,1,2015,-98.66883133333333,7.63560941664718,34.700633333333336,0.0,10.33795883359482,0.16666666666666666
40033,1,2015,-98.2331,7.630016082812025,34.4681,0.0,13.829167986906178,0.5
40037,1,2015,-96.25777999999998,7.59879023277762,36.00815,0.0,13.731918317544716,107.16666666666667
40041,1,2015,-94.86026375,7.578642056550746,36.36222375,0.0,14.524029004185593,12.65
40061,1,2015,-95.283568325,7.591164170953105,35.271939175,0.0,13.712757312128339,70.25
40063,1,2015,-96.14634,7.605706196638589,35.17342,0.0,13.74672512855194,14.7
40069,1,2015,-96.7128,7.61451912011804,34.4528,0.0,13.0,25.0
40075,1,2015,-98.85806,10.96,35.05906,0.0,15.5,1.2
40077,1,2015,-95.25668999999999,7.594063229123537,34.82296083333333,0.0025561599405597834,14.369771232511916,48.09166666666667
40079,1,2015,-94.78332955333333,7.589018009240692,34.761621555333335,0.006140270379641173,17.347267950535638,59.2
40081,1,2015,-97.1047222,7.606691165875279,35.7438889,0.0,13.76374240297664,281.0
40083,1,2015,-97.4255556,7.611660114038414,35.9202778,0.0,13.772709846480003,556.0
40089,1,2015,-94.74886617647059,7.59221589556137,34.12631588235294,0.0,16.363365006544914,6.555882352941176
40091,1,2015,-95.89410625,7.823914557435462,35.29246,0.0,13.01698275561725,505.625
40097,1,2015,-95.01732,7.579575847966705,36.2956,0.0,13.6818792433313,80.0
40107,1,2015,-96.17873499999999,7.6012284512855395,35.42532,0.0,13.740657766359323,78.89999999999999
40111,1,2015,-95.90604666666667,7.594759786620336,35.69225666666667,0.0,13.724957559090534,266.4
40113,1,2015,-96.28563205263158,7.8060047733368885,36.545571263157896,0.0,14.778401454692904,81.98421052631579
40115,1,2015,-94.76618,7.57624135884266,36.91462,0.0,15.3,11.780000000000001
40119,1,2015,-96.74806,7.601608290783489,36.11603,0.01,13.745055794472492,0.1
40121,1,2015,-95.58585976428571,7.74021318384076,34.96883666428572,0.0,14.354381254655957,185.92857142857142
40123,1,2015,-96.5214,7.604091822117083,34.8742,0.0,13.760355936502345,1.5
40125,1,2015,-97.0802778,7.61066174543353,35.3777778,0.0,20.0,135.0
40127,1,2015,-95.28817347826087,7.597817138962168,34.50399130434783,0.016022870162012984,12.714241774374893,15.308695652173913
40133,1,2015,-96.63566875000001,7.607198452659714,35.10154375,0.0,15.460102560291167,75.4875
40135,1,2015,-94.72657,7.582326212401657,35.559315833333336,0.0,13.723444121185375,50.666666666666664
40147,1,2015,-95.8808,7.83,36.8297,0.0,24.0,328.5
41029,1,2015,-123.1242,7.841969786206062,42.6494,0.0278006333073976,7.0,0.1
41033,1,2015,-123.2653,7.844243105805495,42.4722,0.01,2.0,1.0
41035,1,2015,-121.86138889,7.830009628143102,42.51416667,0.0279023587214781,14.0,0.1
42033,1,2015,-78.7408,7.385955132238669,40.733,0.0,8.5,0.25
42107,1,2015,-75.97083,7.356820382352733,40.68944,0.0,12.9612226916496,3.0
45001,1,2015,-82.572311,7.464168589820885,34.211439,0.0,14.154731676224843,1.6500000000000001
45003,1,2015,-81.66996658333333,7.456025407128248,33.5684925,0.0043103076661123495,13.056924026005172,4.491666666666666
45005,1,2015,-81.40150275,7.457019046613544,33.021083,0.007942742283045975,14.571846917828593,3.05
45007,1,2015,-82.617516,7.457553195936276,34.346172,0.0,13.30401824008296,1.5
45009,1,2015,-81.07475275,7.451146191497228,33.25670625,0.0,13.570511505736835,0.65
45011,1,2015,-81.32184333333333,7.4554513026470985,33.22575866666667,0.0,15.929365340158993,1.0999999999999999
45013,1,2015,-80.715652,7.454031686740242,32.409046,0.0,13.281982181914287,3.0
45015,1,2015,-80.00567164399999,7.444134749305917,33.152397022,0.01274893130729976,15.151328555444499,1.6600000000000001
45017,1,2015,-80.87422683333334,7.448320932795739,33.686204833333335,0.005287847538423866,13.262202219116242,2.5166666666666666
45021,1,2015,-81.661476,7.447118683615076,35.079075,0.0,13.260213037073044,2.0
45023,1,2015,-81.039642,7.44260039701373,34.69569,0.0,13.997165233282622,3.25
45025,1,2015,-80.07233214285714,7.431741828463978,34.70135885714286,0.009035082169218814,13.571428571428571,16.257142857142856
45027,1,2015,-80.22435383333332,7.438871395055504,33.65697866666667,0.0,13.23924125450054,25.400000000000002
45029,1,2015,-80.78725933333334,7.448979529975247,32.924958333333336,0.0,9.477168758104058,1.0
45031,1,2015,-80.0168955,7.4323603173057515,34.2371615,0.0,13.220277930750775,2.0
45033,1,2015,-79.159653,7.420860996160788,34.327461,0.09,14.5,3.0
45035,1,2015,-80.47338333333333,7.446567126316984,33.18806566666667,0.0,13.258319428480247,0.9333333333333332
45041,1,2015,-79.72856666666667,5.756617509745053,34.17055,0.0,14.405550834464504,1.0
45043,1,2015,-79.25649250000001,7.426670294215844,33.552835,0.060000000000000005,13.207232692695728,2.0
45045,1,2015,-82.3847615,8.08852422559242,34.618723,0.0,13.146084803959464,3.0
45049,1,2015,-81.019852,7.451969927769333,32.887966,0.0,13.28110699307485,1.0
45053,1,2015,-81.05034020000001,7.4581079824712075,32.5472984,0.0,13.291336662993803,3.04
45055,1,2015,-80.65323725,7.441040609037066,34.3047635,0.006454086006182913,13.275785361408714,2.6875
45059,1,2015,-82.250969,7.462398100798224,34.450325,0.0,13.29582161693185,1.0
45063,1,2015,-81.10343725,5.681392321091896,33.9194805,0.0,14.631649233739827,1.15
45069,1,2015,-79.65483850000001,7.427995767014403,34.724357999999995,0.0,15.25,2.5
45073,1,2015,-83.03915975000001,7.464768979604813,34.72499175,0.0,13.313922392964557,2.125
45075,1,2015,-80.77634625,7.447164415819382,33.37740425,0.0,13.263743548649387,4.25
45077,1,2015,-82.6777305,7.458563698831743,34.909956,0.0,13.29734083597563,1.5
45081,1,2015,-81.76444733333334,7.455346560797191,33.98603933333333,0.0,12.022450051846727,1.3333333333333333
45087,1,2015,-81.6101685,7.4439812639490714,34.803549000000004,0.0,13.261164134515656,4.0
45089,1,2015,-79.783333,7.440853281773739,33.433334,0.0318525760832984,12.5,4.0
46009,1,2015,-97.9027,7.569451508523041,42.8456,0.0,4.5,3.0
46015,1,2015,-98.9509,7.578346305927981,43.7492,0.0,13.0,15.0
46017,1,2015,-99.4328,7.577009708509198,44.0589,0.0,15.5,0.3
46083,1,2015,-96.6014,7.55469394602248,43.4965,0.0,13.593446347094378,0.1
46102,1,2015,-102.41551000000001,7.614218139104091,43.28696,0.0290105610110576,11.5,0.15000000000000002
46103,1,2015,-103.4071,7.621999490516958,43.8853,0.0288678386840338,9.0,2.1
46121,1,2015,-100.8964,7.598316270188281,43.1892,0.0291191692274222,9.5,2.6
47011,1,2015,-84.908433,7.481492329825408,35.105633,0.0,13.368414593449977,4.0
47015,1,2015,-86.052983,7.489422024075554,35.908333,0.0,14.0,4.6
47017,1,2015,-88.618667,7.512586933422208,36.009617,0.0,13.472845310049934,1.0
47025,1,2015,-83.665117,7.4594320701293855,36.404267,0.0,17.5,2.0
47043,1,2015,-87.456833,7.504127131709012,36.088033,0.0,13.435250576660614,0.8
47045,1,2015,-89.318883,7.519408260356987,36.120517,0.0,11.0,1.0
47047,1,2015,-89.473567,7.52769579081802,35.026283,0.0,13.521000436161492,12.0
47053,1,2015,-88.783922,7.517308649354852,36.04194433333333,0.0,13.479808623630293,2.6999999999999997
47055,1,2015,-87.20315,7.506585518027709,35.1297335,0.0,13.445323581356394,0.75
47057,1,2015,-83.527733,7.455241537627557,36.237283,0.0,13.296665712308933,1.0
47059,1,2015,-82.7148,7.450944197318338,36.07435,0.0,20.5,2.1
47061,1,2015,-85.71052233333334,7.4878584982863075,35.321,0.0,11.96072185787123,6.8
47065,1,2015,-84.974383,7.481262472756552,35.2524,0.0,13.367686524964665,7.0
47067,1,2015,-83.23015,7.458931832498726,36.4605,0.0312108190799244,2.5,0.5
47069,1,2015,-89.192517,7.52392154138443,35.025533,0.0,11.0,27.0
47071,1,2015,-88.33303333333333,7.518006902437757,35.17498866666667,0.0,14.666666666666666,4.333333333333333
47077,1,2015,-88.4161,7.516296308765906,35.68041650000001,0.0,17.5,4.5
47081,1,2015,-87.52748866666667,7.5027312228671335,35.87338333333333,0.0,13.439611931426969,10.333333333333334
47085,1,2015,-87.7081,7.50596690265278,36.16375,0.0,13.0,29.1
47097,1,2015,-89.5541,7.527027888381687,35.797867,0.0,12.0,1.0
47099,1,2015,-87.29578900000001,7.504498118886265,35.36541666666667,0.0,13.44267688042027,14.600000000000001
47103,1,2015,-86.59750000000001,7.498553590179963,35.258621999999995,0.0,13.421957903875336,0.4000000000000001
47109,1,2015,-88.49399466666667,7.519108578101118,35.23396666666667,0.06,12.661229530999227,10.566666666666666
47111,1,2015,-86.086833,7.481866337455443,36.43685,0.0,13.378807787003364,0.5
47113,1,2015,-89.043517,6.93,35.588767,0.0,11.0,4.0
47115,1,2015,-85.60255533333333,7.490426130796824,35.11254433333334,0.0,12.93039093133344,1.4333333333333333
47123,1,2015,-84.29642305499999,7.4733274314501985,35.382499165,0.0,6.5,0.055
47129,1,2015,-84.637675,7.47442389829134,36.109733500000004,0.0,13.340688276160508,6.5
47131,1,2015,-89.377017,7.525892210782334,36.32775,0.0,11.5,1.0
47135,1,2015,-87.9966,7.512170454958325,35.442817,0.0,13.4650606549776,0.5
47139,1,2015,-84.69115,7.480246330982779,35.112433,0.0,19.0,0.1
47143,1,2015,-84.88418866666666,7.4769720130879165,35.75159433333334,0.0,13.354571359871661,37.43333333333333
47153,1,2015,-85.4831915,7.485692741146869,35.41525,0.0,14.5,7.85
47163,1,2015,-82.263767,4.058481128093917,36.517692,0.005,7.25,1.5
47181,1,2015,-87.74378585714285,7.512374386433445,35.20552142857143,0.0,15.279059444167459,2.3714285714285714
47183,1,2015,-88.8052184,7.516179597016661,36.3467617,0.0,11.74540265134587,1.6600000000000001
48001,1,2015,-95.693098145625,7.616842784520354,31.836556604375,0.0019428468677762187,15.674775383964327,9.8125
48003,1,2015,-102.570775,7.689742802301972,32.277225,0.0,16.875,0.15
48005,1,2015,-94.66189241800001,7.610670020113747,31.335390940000003,0.0062370952171079,15.116615694870964,3.8
48009,1,2015,-98.68281565000001,7.641478382962626,33.491799,0.0,13.864077953092586,0.5
48011,1,2015,-101.35,7.659832465263799,35.1064346,0.0,20.0,0.25
48013,1,2015,-98.54112805714286,7.664644673604592,29.00020794285714,0.025714285714285714,12.541680666685286,11.0
48021,1,2015,-97.498962098,7.649696230184679,30.1586909,0.0,13.890900065643013,1.44
48023,1,2015,-99.269328,7.650633266236985,33.578767,0.0,13.884250456730804,1.0
48025,1,2015,-97.7559747,7.6673788421456,28.4182794,0.0,13.936886812955752,0.25
48027,1,2015,-97.65929251428572,7.64516473140884,31.05612442142857,0.030714285714285715,13.877958071578892,3.815
48031,1,2015,-98.435381,7.661265906671012,30.249568,0.0,13.921871435664954,0.75
48035,1,2015,-97.60421345714285,7.638840880966292,31.846277685714284,0.0,14.095268520428302,5.857142857142857
48037,1,2015,-94.30296126692308,7.592137015470595,33.425147332307695,0.0,15.751816566895474,7.7807692307692315
48041,1,2015,-96.33649605571429,8.49131304216404,30.65301889857143,0.004459221617559,13.720069636383018,4.0
48049,1,2015,-99.08400372,7.656831022593574,31.743242880000004,0.0,14.946980719710234,3.2020000000000004
48051,1,2015,-96.62765508117647,7.544218360433582,30.501474275294118,0.012941176470588235,14.604223799668384,1.9705882352941178
48053,1,2015,-98.142402868,7.652872336565193,30.67290533,0.009,13.901893033603766,2.545
48059,1,2015,-99.41841325,7.657969781847984,32.31349525,0.007687118902004175,8.33209768249306,0.75
48063,1,2015,-94.96403774166667,7.602250313332214,32.96793520833334,0.0,15.125,3.0516666666666663
48065,1,2015,-101.3453815,7.6547842663225225,35.503460000000004,0.0,15.35664194065079,15.875
48067,1,2015,-94.35799676833334,7.5964728549881535,33.06558854777778,0.0,14.265283683069303,15.555555555555555
48073,1,2015,-95.176634395,7.6125660424421255,31.924933871500002,0.0015525728359104649,12.974270441289008,3.7205
48077,1,2015,-98.177685125,9.111780706477154,33.7045113375,0.0,13.442248083725707,46.65625
48085,1,2015,-96.41517699277777,7.9031208644368025,33.11306761111111,0.0017149926446345554,13.967263836585097,3.686111111111111
48087,1,2015,-100.149608,7.644222738756511,34.937311,0.0,19.5,400.0
48089,1,2015,-96.5718898,7.647928825932327,29.5267425,0.0,11.0,1.0
48093,1,2015,-98.48257005714287,7.647838829222683,32.01774517142857,0.0,11.44067154571502,2.4285714285714284
48097,1,2015,-97.17472598181817,7.622334403805735,33.55659359090909,0.0,13.016888490425394,5.181818181818182
48099,1,2015,-97.77131788888889,7.644111867052619,31.416921000000002,0.0,14.22057974101864,1.8277777777777777
48101,1,2015,-100.42058,7.655605908032006,34.027518,0.0,13.910924083068496,1.0
48105,1,2015,-101.2028023,7.687156663756175,30.76624905,0.01542738374764635,16.00350010795892,400.0
48113,1,2015,-96.78379157803279,7.762365350108946,32.76867176557377,0.009358621941009015,13.064652773004063,0.32999999999999996
48119,1,2015,-95.7877108,7.607749902682723,33.3943996,0.0,13.766752274719655,5.5
48121,1,2015,-97.004471,7.629417976347559,33.20567,0.0,13.816205709424612,0.1
48125,1,2015,-100.829361,7.66081969521232,33.515687,0.0,11.466137454133754,3.5
48129,1,2015,-101.02661,7.652516613547945,34.997036,0.0,17.0,5.0
48139,1,2015,-96.98938150000001,7.626895246343036,32.304011900000006,0.0,13.828444402504651,3.0
48143,1,2015,-98.20987358181819,7.643607205082746,32.24065448181818,0.12727272727272726,14.81805998276265,2.1363636363636362
48147,1,2015,-96.21699453000001,7.612359896076633,33.53338835,0.005132938547864966,14.714395576298172,2.5
48149,1,2015,-96.89942825,7.645192349486431,30.0025933,0.01563466458554545,7.436372086273227,2.505
48151,1,2015,-100.3453023,7.663604905581665,32.6509578,0.0,13.935987638139672,1.0
48153,1,2015,-101.3806345,7.662512238330136,34.059557,0.0,18.25,200.5
48157,1,2015,-95.8569145,7.639019154237114,29.4810115,0.0,13.85110288865004,5.25
48161,1,2015,-96.222246875,7.843715861911585,31.66033175,0.0,14.675017090727184,5.9375
48163,1,2015,-99.122815,7.674045530029353,28.905553,0.0,22.5,0.25
48165,1,2015,-102.84110066666666,7.6897170984825545,32.725746,0.0,11.5,3.6666666666666665
48171,1,2015,-98.83034057142856,7.6624275535321456,30.288656514285716,0.008571428571428572,13.932486373312864,22.12857142857143
48179,1,2015,-100.582237,7.650464091712028,35.220947,0.0,18.0,300.0
48181,1,2015,-96.66604556333334,7.618671236223932,33.68595223333333,0.05333333333333334,17.264162188995527,3.0666666666666664
48183,1,2015,-94.77483146857142,7.6689120781123945,32.45666885214286,0.0,13.199044181757056,3.415
48185,1,2015,-95.98498266666667,7.630215497670764,30.589441516666668,0.065,14.887903821167633,9.366666666666667
48187,1,2015,-97.965442,7.661165243872333,29.564085000000002,0.0033333333333333335,13.92020895655675,0.5333333333333333
48191,1,2015,-100.52575,7.652882350033157,34.689,0.0,17.5,600.0
48193,1,2015,-97.98268300000001,7.641353270635038,31.7731955,0.0,13.25,3.5
48197,1,2015,-99.502187,7.642360600743387,34.140154,0.0,13.876107129470425,150.0
48201,1,2015,-95.399762635,7.626221674194157,29.9147857,0.0,13.823720232668773,24.65
48203,1,2015,-94.446646840625,7.599361910226647,32.517697029375,0.00125,14.741474606321358,1.829375
48207,1,2015,-99.876845,7.654909262781228,33.202798,0.0,16.833333333333332,6.333333333333333
48211,1,2015,-100.16716,7.643330511102927,35.726737,0.0,13.869228168127922,2.5
48213,1,2015,-95.92294227142858,7.618407937509478,32.188273942857144,0.0,13.754745530766423,8.428571428571429
48215,1,2015,-98.1940118,7.682703798375404,26.208072299999998,0.013901855360110101,13.330346222901474,1.0
48217,1,2015,-97.13221164000001,7.632780087589832,31.93256315714286,0.15285714285714286,15.480478353593776,2.5714285714285716
48219,1,2015,-102.233191,7.678062602399423,33.801065,0.0,13.977292738801282,449.0
48221,1,2015,-97.946111825,7.639229920130307,32.442441224999996,0.2125,13.859701866574374,1.5
48225,1,2015,-95.49860486666667,5.325637450585624,31.379039377777776,0.0069137248347953,15.876427634974469,2.4444444444444446
48227,1,2015,-101.523466,7.676943320185858,32.25124935,0.0,13.98230433726956,1.75
48231,1,2015,-96.08464216416667,7.613825542719003,33.052345525,0.00771639502407535,15.403355656315952,5.145833333333333
48233,1,2015,-101.5092,4.92,35.6336,0.0,15.0,31.0
48237,1,2015,-98.393612,7.643240150255099,33.262249,0.0,13.861201648788622,1.0
48241,1,2015,-93.95036824888888,7.606891846729202,30.735827924444443,0.008710629660968824,13.642820514049587,4.678333333333334
48245,1,2015,-94.15333776666667,8.430253566626874,30.0590576,0.0,12.018978490516412,0.10000000000000002
48249,1,2015,-98.1341319,9.089290182002694,27.884324999999997,0.01571496460547545,12.228257420037016,0.55
48253,1,2015,-99.698116915,7.659623451031871,32.628600535000004,0.1953523139602969,15.45904852688924,22.55
48257,1,2015,-96.37268744,7.08018264545659,32.70437138,0.0,14.8412386540458,5.0
48259,1,2015,-98.88486449999999,7.666046413242601,30.021595249999997,0.01,13.940536223796855,0.8
48275,1,2015,-99.798431,7.65327599313279,33.582317,0.0,13.89995623285812,7.0
48277,1,2015,-95.48279407999999,7.6047627008195615,33.74466306,0.00616463155903034,14.499765642546947,6.9
48279,1,2015,-102.5562465,7.678703124530232,34.037116499999996,0.0,20.25,70.0
48287,1,2015,-96.85926063333334,7.641802042282777,30.29746366666667,0.0,13.866564994167954,3.0
48289,1,2015,-96.02019885,7.625571019236743,31.443387,0.0,17.25,2.75
48293,1,2015,-96.61503336666665,7.631608724761791,31.460229100000003,0.006666666666666667,13.834979974938316,4.333333333333333
48295,1,2015,-100.437183,7.641995247351514,36.418796,0.0,13.864544320600416,1.0
48299,1,2015,-98.761382,7.659309928322484,30.896336,0.02,13.918983204579767,5.0
48303,1,2015,-102.036381,7.67571410052081,33.719095,0.0,13.97183437432587,1.0
48309,1,2015,-97.2146033,7.637889594553951,31.49627552,0.0,13.854422895602175,0.806
48313,1,2015,-96.08886667,7.628926917578232,30.97526667,0.0,18.0,99.0
48315,1,2015,-94.57325608375001,7.598254122552405,32.82236058375,0.0,13.8125,3.625
48319,1,2015,-99.195364,7.669089539981837,30.747497,0.0310183282381043,9.5,1.0
48331,1,2015,-97.07269145000001,7.638440439321241,30.55117945,0.0,13.86600077277645,11.5
48337,1,2015,-97.71826303333334,7.6287367055841155,33.642315257142855,0.0014635188981713524,15.308013390930316,17.29047619047619
48339,1,2015,-95.57902086666667,7.6264444393030475,30.348698466666665,0.0,13.821742007555983,3.3000000000000003
48343,1,2015,-94.724429335,7.5986862837643026,32.994137665,0.030949983274046397,15.25,16.5
48347,1,2015,-94.745840919,7.611596301478494,31.597660280000003,0.10300000000000001,12.660482847722305,2.9509999999999996
48349,1,2015,-96.43793936666667,7.470074105364439,32.06759175,0.0,14.377649229202083,4.375
48351,1,2015,-93.7695875025,7.60241426288415,30.910104165,0.0,13.43621421729189,7.61
48363,1,2015,-98.46180075000001,7.6886908640997955,32.86396725,0.023046284536378775,11.0,1.5
48365,1,2015,-94.323555218,7.599792384110481,32.177055904,0.0,14.397793529696605,1.16
48367,1,2015,-97.86431145,7.636219339143954,32.76065645,0.155,9.92468957936514,0.1
48373,1,2015,-94.81761667,7.83,31.08285,0.0,12.0,8.0
48375,1,2015,-101.86732225,8.600067463279444,35.2910919175,0.01,15.108046826238017,11.424999999999999
48379,1,2015,-95.6684079,7.609564048841296,32.7626392,0.0,13.774790868737751,2.0
48381,1,2015,-101.8468325,7.6668837837769805,34.8395535,0.0,16.5,0.75
48387,1,2015,-94.93356589909091,7.597947105377034,33.53100007545454,0.008415053741668356,14.168415582897733,25.977272727272727
48395,1,2015,-96.524409,7.632476450882243,30.827589500000002,0.0,13.843172927844673,63.5
48401,1,2015,-94.80067126655173,7.606541525832765,32.14127831965517,0.008578076006130052,14.771513874319192,6.743103448275862
48405,1,2015,-94.22081593,7.603998491944689,31.4209380125,0.005,13.754024145756327,3.425
48407,1,2015,-95.09366165,7.617137881758918,30.5834859,0.0,13.799052527232298,0.625
48411,1,2015,-98.80036189666667,7.657606971709747,31.011299833333336,0.0,13.917078912390977,48.333333333333336
48415,1,2015,-100.9051106,7.669221422977276,32.788014575000005,0.005,15.375,130.625
48423,1,2015,-95.2299475807143,7.650072202556787,32.338010607142856,0.0,13.794576941439193,4.633928571428571
48427,1,2015,-98.932523,7.68830436305177,26.47562,0.0,14.012587926524311,1.0
48433,1,2015,-100.13055299999999,7.658821453037894,33.1852815,0.045,2.25,1.5
48437,1,2015,-101.83115366666668,7.665509343739116,34.574932,0.0,15.166666666666666,8.433333333333334
48439,1,2015,-97.3283659112,7.877268627881829,32.798721096,0.03,12.165922320051152,0.0376
48441,1,2015,-99.7587586942857,8.528818413631182,32.445072442857146,0.0,14.45451255672572,0.22428571428571428
48449,1,2015,-94.97755781699999,7.599926694633521,33.22180278766667,0.00103035279150161,17.273863876950045,4.475
48451,1,2015,-100.430807,7.670066719643156,31.4302891,0.0,13.96183671590057,1.0
48455,1,2015,-95.1072655,7.616260709670578,31.058601166666666,0.0,13.79130780176714,0.31666666666666665
48457,1,2015,-94.30864966666667,7.6081439803084905,30.777921223333333,0.020856542587980267,18.0,2.3333333333333335
48459,1,2015,-94.95606206307693,7.604018430359845,32.71382734025641,0.014296054421812214,14.302386298548555,3.9
48467,1,2015,-95.84209165454546,7.614220700427725,32.541735654545455,0.0,13.87049284822346,6.2272727272727275
48469,1,2015,-97.04882533166666,7.654725366551865,28.8427233,0.03333333333333333,13.903117027956512,10.833333333333334
48471,1,2015,-95.66785,7.625794361785291,30.7571750025,0.0,13.817197122406721,12.200000000000001
48473,1,2015,-95.9084356,7.632004038656195,30.09263953333333,0.0,13.838178460882565,2.6666666666666665
48477,1,2015,-96.3139212,7.635793734160965,30.260726016666666,0.011666666666666667,11.449522570897928,7.8500000000000005
48483,1,2015,-100.269522,7.642725351760042,35.3137662,0.0,16.5,1.0
48485,1,2015,-98.597735,6.49,34.120371,0.0,16.0,0.755
48491,1,2015,-97.66678045714286,7.647356062955453,30.62073542857143,0.0,13.886493423997711,10.714285714285714
48495,1,2015,-103.01118266666667,7.70100386012977,31.740239666666668,0.0,11.833333333333334,3.733333333333333
48497,1,2015,-97.67344128625,7.632758654863806,33.121014045,0.0,14.64957051349497,5.125
48499,1,2015,-95.43348166473685,7.609477145105082,32.767034726315785,0.0,13.8411127516177,4.552631578947368
48503,1,2015,-98.70420179999999,7.641491991149573,33.301058,0.0,15.594829133378392,5.2
48505,1,2015,-99.273072,7.688082766802961,26.905348,0.0,17.0,1.0
49049,1,2015,-111.9199,7.73799237020791,40.1848,0.0,11.0,0.1
51027,1,2015,-82.02567870333333,7.439234609752252,37.258159256666666,0.14,13.5,2.6666666666666665
51029,1,2015,-78.655,7.398815471574924,37.57444444,0.0,13.109288669593305,3.0
51031,1,2015,-78.99868056,7.400917757477774,37.23261110999999,0.01,11.811027713823208,1.15
51067,1,2015,-79.75861111,7.410452401616599,36.90166667,0.01,13.15684190187664,20.0
51083,1,2015,-78.73333333,7.407856991068475,36.825,0.0,13.129168627837709,0.5
51111,1,2015,-78.21916666499999,7.399365368168743,36.874166665000004,0.0,13.555178776696508,1.0
51113,1,2015,-78.38005556,7.386142396442039,38.38366667,0.0312103130985835,9.5,1.0
51117,1,2015,-78.63834444,7.407890543977862,36.66010278,0.0,11.0,2.0
51125,1,2015,-78.87722222,7.399949714344216,37.77069444,0.0,7.0,63.0
51139,1,2015,-78.44980389,7.39067416030605,38.620023890000006,0.010231459359104082,12.433239961848075,0.1
51143,1,2015,-79.550902775,7.413658547188901,36.6720138875,0.0225,13.15707461099179,4.275
51169,1,2015,-82.53916667,7.449388124863438,36.79055556,0.0,13.257846601403742,2.0
51185,1,2015,-81.78272222,7.431985615317043,37.11591667,0.0,7.5,1.0
54005,1,2015,-81.80772087,7.42858516705071,38.10299762,0.02,15.0,0.3
54009,1,2015,-80.58415226,8.5,40.36685666,0.06,5.0,3.0
54011,1,2015,-82.381223,7.438673657547057,38.435862,0.0,19.5,2.0
54031,1,2015,-78.93244624,7.400004965097114,38.85948663,0.0,13.09705678912936,1.0
54039,1,2015,-81.67192885,7.424733822428418,38.47662895,0.03,12.5,0.1
54043,1,2015,-82.05996977,7.431820016243303,38.25782328,0.0,13.210372491497708,10.0
54045,1,2015,-82.11283975,7.433720843390223,37.87235132,0.0,12.5,0.1
54047,1,2015,-81.63705463,7.435299953948777,37.41684128,0.0,11.5,6.0
54055,1,2015,-81.1332989,7.426112717611172,37.326286984999996,0.0,11.848324380790974,1.05
54059,1,2015,-82.23301225,7.434879638674795,37.89324305,0.0,10.0,3.0
54065,1,2015,-78.36367735,7.384089890196327,39.50421661,0.0,8.5,4.0
54109,1,2015,-81.75432503,7.431847164200413,37.62167535,0.02,13.21236847946664,5.0
56029,1,2015,-109.01692,7.676744400970088,44.46339,0.0,13.98731594823683,0.2
56037,1,2015,-108.576865,7.696977851769049,41.6255,0.0,10.527915259770973,0.2
